
  ___  ____  ____  ____  ____ (R)
 /__    /   ____/   /   ____/
___/   /   /___/   /   /___/   12.0   Copyright 1985-2011 StataCorp LP
  Statistics/Data Analysis            StataCorp
                                      4905 Lakeway Drive
     Special Edition                  College Station, Texas 77845 USA
                                      800-STATA-PC        http://www.stata.com
                                      979-696-4600        stata@stata.com
                                      979-696-4601 (fax)

10-student Stata lab perpetual license:
       Serial number:  40120559342
         Licensed to:  Instat
                       CAS-INSTAT

Notes:
      1.  (/v# option or -set maxvar-) 5000 maximum variables
      2.  Stata running in batch mode

. do run.do 

. * run.do - UHC Y2 tabulation plan, master runner (Stata 12)
. * GENERATED by build_dofiles.py - do NOT hand-edit; edit the generator and re-
> run.
. * Batch run:  "C:\Users\analy\Downloads\Stata 12\StataSE.exe" /e do run.do
. version 12

. clear all

. set more off

. set linesize 120

. capture log close

. 
. * ---------------- globals ----------------
. global DATA_DIR "data"

. global OUT_DIR  "out"

. * NOWEIGHT toggle: 1 = run UNWEIGHTED (weights wf arrive post-collection);
. *                  0 = use the real svyset designs with [pweight=wf].
. global NOWEIGHT 1

. 
. capture mkdir "$DATA_DIR"

. capture mkdir "$OUT_DIR"

. capture mkdir "logs"

. 
. log using "logs/run.log", text replace
------------------------------------------------------------------------------------------------------------------------
      name:  <unnamed>
       log:  C:\Users\analy\Documents\analytiflow\1_Projects\ASPSI-DOH-CAPI-CSPro-Development\deliverables\tabulation-pl
> an\stata\logs/run.log
  log type:  text
 opened on:   2 Jul 2026, 12:18:31

. 
. do 00_import.do

. * 00_import.do - bring the harmonization-ETL CSVs into Stata 12 .dta files
. * GENERATED by build_dofiles.py - do NOT hand-edit; edit the generator and re-run.
. * WHY insheet: the ETL (transform.py) does not emit .dta yet (transform.py section 0.3
. * TODO); and Stata 13+'s newer delimited importer does NOT exist in Stata 12,
. * so -insheet- is the Stata-12-native path.
. version 12

. 
. * ================= EDIT ME =================
. * Point ETL_DIR at the harmonization ETL output snapshot you want to tabulate:
. *   deliverables/data-harmonization/etl/out/<date>
. global ETL_DIR "../../data-harmonization/etl/out/2026-06-12"

. * ===========================================
. 
. insheet using "$ETL_DIR/f1_clean.csv", comma names case clear
(13 vars, 1 obs)

. save "$DATA_DIR/f1.dta", replace
file data/f1.dta saved

. 
. insheet using "$ETL_DIR/f3_clean.csv", comma names case clear
(13 vars, 2 obs)

. save "$DATA_DIR/f3.dta", replace
file data/f3.dta saved

. 
. insheet using "$ETL_DIR/f4_clean.csv", comma names case clear
(13 vars, 1 obs)

. save "$DATA_DIR/f4.dta", replace
file data/f4.dta saved

. 
. insheet using "$ETL_DIR/f4_roster_clean.csv", comma names case clear
(4 vars, 1 obs)

. save "$DATA_DIR/f4_roster.dta", replace
file data/f4_roster.dta saved

. 
. insheet using "$ETL_DIR/shared_dimensions.csv", comma names case clear
(4 vars, 15 obs)

. save "$DATA_DIR/shared_dimensions.dta", replace
file data/shared_dimensions.dta saved

. 
. * ---- TODO: not in the ETL yet - stubbed with capture guards ----
. * F2 (HCW census) clean extract does not exist in the ETL yet:
. capture confirm file "$ETL_DIR/f2_clean.csv"

. if _rc == 0 {
.     insheet using "$ETL_DIR/f2_clean.csv", comma names case clear
.     save "$DATA_DIR/f2.dta", replace
. }

. else {
.     display as error "TODO: f2_clean.csv not in ETL output yet - Annex 4 will be skipped"
TODO: f2_clean.csv not in ETL output yet - Annex 4 will be skipped
. }

. 
. * F3 pay/expenditure roster extracts do not exist in the ETL yet:
. capture confirm file "$ETL_DIR/f3_roster_clean.csv"

. if _rc == 0 {
.     insheet using "$ETL_DIR/f3_roster_clean.csv", comma names case clear
.     save "$DATA_DIR/f3_roster.dta", replace
. }

. else {
.     display as error "TODO: f3 roster extract not in ETL output yet - roster tables stay stubbed"
TODO: f3 roster extract not in ETL output yet - roster tables stay stubbed
. }

. 
end of do-file

. do 01_svyset.do

. * 01_svyset.do - per-instrument survey designs (SSRCS Annex A)
. * GENERATED by build_dofiles.py - do NOT hand-edit; edit the generator and re-run.
. version 12

. 
. * ============================ LOUD TODO =====================================
. * WEIGHTS DO NOT EXIST YET. Sampling weights (wf) are computed POST-COLLECTION
. * from the realized sample. Until then run UNWEIGHTED via the NOWEIGHT toggle
. * in run.do (global NOWEIGHT 1), which svysets each file as SRS (_n) so every
. * svy: command still runs. When wf lands: merge it onto each .dta, construct
. * the strata/fpc variables flagged below, set NOWEIGHT 0, and re-run.
. * ============================================================================
. 
. * ---------------- F1 - facility survey ----------------
. * SSRCS Annex A design: STRATIFIED SINGLE-STAGE sample of facilities;
. * strata = facility-type x province; with finite-population correction.
. use "$DATA_DIR/f1.dta", clear

. if "$NOWEIGHT" == "1" {
.     svyset _n

      pweight: <none>
          VCE: linearized
  Single unit: missing
     Strata 1: <one>
         SU 1: <observations>
        FPC 1: <zero>
. }

. else {
.     * TODO construct before use:  egen strata_f1 = group(f_type province_huc)
.     * TODO construct before use:  fpc_f1 = facilities in stratum (master list)
.     svyset facility_id [pweight=wf], strata(strata_f1) fpc(fpc_f1)
. }

. save "$DATA_DIR/f1.dta", replace
file data/f1.dta saved

. 
. * ---------------- F3 - patient exit survey ----------------
. * SSRCS Annex A design: TWO-STAGE; PSU = facility, patients sampled within.
. use "$DATA_DIR/f3.dta", clear

. if "$NOWEIGHT" == "1" {
.     svyset _n

      pweight: <none>
          VCE: linearized
  Single unit: missing
     Strata 1: <one>
         SU 1: <observations>
        FPC 1: <zero>
. }

. else {
.     * TODO construct before use:  egen strata_f3 = group(f_type province_huc)
.     svyset facility_id [pweight=wf], strata(strata_f3) || _n
. }

. save "$DATA_DIR/f3.dta", replace
file data/f3.dta saved

. 
. * ---------------- F4 - household survey ----------------
. * SSRCS Annex A design: TWO-STAGE; PSU = barangay, households sampled within.
. use "$DATA_DIR/f4.dta", clear

. if "$NOWEIGHT" == "1" {
.     svyset _n

      pweight: <none>
          VCE: linearized
  Single unit: missing
     Strata 1: <one>
         SU 1: <observations>
        FPC 1: <zero>
. }

. else {
.     * TODO construct before use: barangay_psu (PSGC barangay code) + strata_f4
.     svyset barangay_psu [pweight=wf], strata(strata_f4) || _n
. }

. save "$DATA_DIR/f4.dta", replace
file data/f4.dta saved

. 
. * ---------------- F2 - health-care worker survey ----------------
. * SSRCS Annex A design: CENSUS of HCWs within sampled facilities - no
. * second-phase sampling, so self-weighting (wf=1); svyset as SRS.
. capture confirm file "$DATA_DIR/f2.dta"

. if _rc == 0 {
.     use "$DATA_DIR/f2.dta", clear
.     svyset _n
.     save "$DATA_DIR/f2.dta", replace
. }

. else {
.     display as error "f2.dta missing (ETL f2_clean.csv TODO) - skipping F2 svyset"
f2.dta missing (ETL f2_clean.csv TODO) - skipping F2 svyset
. }

. 
end of do-file

. do 10_annex1.do

. * 10_annex1.do - Annex 1 - F1 facility survey table skeletons (Stata 12)
. * GENERATED by build_dofiles.py - do NOT hand-edit; edit the generator and re-run.
. version 12

. 
. capture erase "$OUT_DIR/annex1_tables.xls"

. use "$DATA_DIR/f1.dta", clear

. 
. *----- Table 1.1 - Percentage distribution of facility head respondents' who have ever
. *       heard of the process to apply for PhilHealth YAKAP/Konsulta accreditation, by facility
. *       type (n=1,521) -----
. * universe: all facility heads (n=1,521) | breakdown: by facility type | status: partial
. * PARTIAL: No 'heard of process' item; Q81=know-how-to-start (non-accred only). Fac type
. *   all 1.x: F_TYPE+F_OWNERSHIP join on 9-digit facility_id
. * f_type comes from the facility master-list join (see plan notes)
. * capture noisily svy: tab q81_know_how_start f_type, col percent
. * capture noisily tabout q81_know_how_start f_type using "$OUT_DIR/annex1_tables.xls", append svy percent cells(col) f
> (1)
. 
. *----- Table 1.2 - Percentage distribution of facility head respondents' reported
. *       support from LGU to implement UHC reforms, by facility type (n=1,521) -----
. * universe: all facility heads (n=1,521) | breakdown: by facility type | status: mapped
. * f_type comes from the facility master-list join (see plan notes)
. capture noisily svy: tab q148_lgu_support f_type, col percent
variable q148_lgu_support not found

. capture noisily tabout q148_lgu_support f_type using "$OUT_DIR/annex1_tables.xls", append svy percent cells(col) f(1)
variable q148_lgu_support not found

. 
. *----- Table 1.3 - Percentage distribution of facility head respondents reported type of
. *       support from LGU to implement UHC reforms, by facility type (n=1,521) -----
. * universe: all facility heads (n=1,521) | breakdown: by facility type | status: mapped
. * note: Checkbox: one alpha multi-code field; split to dummies in Stata
. * CHECKBOX: split alpha multi-code field into dummies before tab:
. * gen byte q149_lgu_support_forms_XX = strpos(q149_lgu_support_forms, "XX") > 0  // one per code
. * f_type comes from the facility master-list join (see plan notes)
. * capture noisily svy: tab q149_lgu_support_forms f_type, col percent
. * capture noisily tabout q149_lgu_support_forms f_type using "$OUT_DIR/annex1_tables.xls", append svy percent cells(co
> l) f(1)
. 
. *----- Table 1.4 - Percentage distribution of facility head respondents perceived
. *       satisfaction with the support received from LGU to implement UHC reforms, by facility
. *       type (n=1,521) -----
. * universe: all facility heads (n=1,521) | breakdown: by facility type | status: mapped
. * f_type comes from the facility master-list join (see plan notes)
. capture noisily svy: tab q150_lgu_satisfied f_type, col percent
variable q150_lgu_satisfied not found

. capture noisily tabout q150_lgu_satisfied f_type using "$OUT_DIR/annex1_tables.xls", append svy percent cells(col) f(1
> )
variable q150_lgu_satisfied not found

. 
. *----- Table 1.5 - Percentage distribution of facility head respondents reported reasons
. *       for dissatisfaction of support from LGU to implement UHC reforms -----
. * universe: facility heads dissatisfied with LGU support | breakdown: none stated | status: mapped
. * note: Checkbox multi; universe skip-gated to Q150_LGU_SATISFIED=No
. * CHECKBOX: split alpha multi-code field into dummies before tab:
. * gen byte q151_lgu_not_sat_why_XX = strpos(q151_lgu_not_sat_why, "XX") > 0  // one per code
. * capture noisily svy: tab q151_lgu_not_sat_why, percent
. * capture noisily tabout q151_lgu_not_sat_why using "$OUT_DIR/annex1_tables.xls", append svy oneway percent cells(cell
> ) f(1)
. 
. *----- Table 1.6 - Percentage distribution of facility head respondents who have ever
. *       heard of the process to apply for DOH licensing, by facility type (n=1,521) -----
. * universe: all facility heads (n=1,521) | breakdown: by facility type | status: gap
. * GAP - no source in instrument: No DOH-licensing process-awareness item in F1; nearest
. *   are Q118 (licensed status) and Q121 (difficult requirements)
. 
. *----- Table 1.7 - Percentage distribution of facility head respondents reported that
. *       the facility is currently PhilHealth YAKAP/Konsulta accredited, by facility type
. *       (n=1,521) -----
. * universe: all facility heads (n=1,521) | breakdown: by facility type | status: mapped
. * f_type comes from the facility master-list join (see plan notes)
. capture noisily svy: tab q51_yk_accred f_type, col percent
variable q51_yk_accred not found

. capture noisily tabout q51_yk_accred f_type using "$OUT_DIR/annex1_tables.xls", append svy percent cells(col) f(1)
variable q51_yk_accred not found

. 
. *----- Table 1.8 - Percentage distribution of facility head respondents identified top
. *       barriers in facilities' accreditation to PhilHealth YAKAP/Konsulta, for the most recent
. *       application, by type of facility (n=1,521) -----
. * universe: all facility heads (n=1,521) | breakdown: by facility type | status: mapped
. * note: Checkbox: one alpha multi-code field, split; accredited/applied path - non-
. *   accred reasons live in Q79
. * CHECKBOX: split alpha multi-code field into dummies before tab:
. * gen byte q65_accred_difficult_XX = strpos(q65_accred_difficult, "XX") > 0  // one per code
. * f_type comes from the facility master-list join (see plan notes)
. * capture noisily svy: tab q65_accred_difficult f_type, col percent
. * capture noisily tabout q65_accred_difficult f_type using "$OUT_DIR/annex1_tables.xls", append svy percent cells(col)
>  f(1)
. 
. *----- Table 1.8a - Percentage distribution of facility head respondents of rural health
. *       unit reported reasons to barriers in facilities' accreditation to PhilHealth
. *       YAKAP/Konsulta, for the most recent application (n=911) -----
. * universe: facility heads of rural health units (n=911) | breakdown: none stated | status: mapped
. * note: 9-item why-difficult battery, each one alpha multi-code field (split); filter
. *   facility_type=RHU
. * CHECKBOX: split alpha multi-code field into dummies before tab:
. * gen byte q66_why_diff_preventive_XX = strpos(q66_why_diff_preventive, "XX") > 0  // one per code
. * gen byte q67_why_diff_lab_XX = strpos(q67_why_diff_lab, "XX") > 0  // one per code
. * gen byte q68_why_diff_meds_XX = strpos(q68_why_diff_meds, "XX") > 0  // one per code
. * gen byte q69_why_diff_infra_XX = strpos(q69_why_diff_infra, "XX") > 0  // one per code
. * gen byte q70_why_diff_equipment_XX = strpos(q70_why_diff_equipment, "XX") > 0  // one per code
. * gen byte q71_why_diff_hr_XX = strpos(q71_why_diff_hr, "XX") > 0  // one per code
. * gen byte q72_why_diff_his_XX = strpos(q72_why_diff_his, "XX") > 0  // one per code
. * gen byte q73_why_diff_docs_XX = strpos(q73_why_diff_docs, "XX") > 0  // one per code
. * gen byte q74_why_diff_doh_lic_XX = strpos(q74_why_diff_doh_lic, "XX") > 0  // one per code
. * capture noisily {
. * foreach v in q66_why_diff_preventive q67_why_diff_lab q68_why_diff_meds q69_why_diff_infra q70_why_diff_equipment q7
> 1_why_diff_hr q72_why_diff_his q73_why_diff_docs q74_why_diff_doh_lic {
. *     svy: tab `v', percent
. *     tabout `v' using "$OUT_DIR/annex1_tables.xls", append svy oneway percent cells(cell) f(1)
. * }
. * }
. 
. *----- Table 1.8b - Percentage distribution of facility head respondents of government
. *       hospitals reported reasons to barriers in facilities' accreditation to PhilHealth
. *       YAKAP/Konsulta, for the most recent application (n=244) -----
. * universe: facility heads of government hospitals (n=244) | breakdown: none stated | status:
. *   mapped
. * note: Same Q66-Q74 battery; filter facility_type=hospital & F_OWNERSHIP=public (gov)
. * CHECKBOX: split alpha multi-code field into dummies before tab:
. * gen byte q66_why_diff_preventive_XX = strpos(q66_why_diff_preventive, "XX") > 0  // one per code
. * gen byte q67_why_diff_lab_XX = strpos(q67_why_diff_lab, "XX") > 0  // one per code
. * gen byte q68_why_diff_meds_XX = strpos(q68_why_diff_meds, "XX") > 0  // one per code
. * gen byte q69_why_diff_infra_XX = strpos(q69_why_diff_infra, "XX") > 0  // one per code
. * gen byte q70_why_diff_equipment_XX = strpos(q70_why_diff_equipment, "XX") > 0  // one per code
. * gen byte q71_why_diff_hr_XX = strpos(q71_why_diff_hr, "XX") > 0  // one per code
. * gen byte q72_why_diff_his_XX = strpos(q72_why_diff_his, "XX") > 0  // one per code
. * gen byte q73_why_diff_docs_XX = strpos(q73_why_diff_docs, "XX") > 0  // one per code
. * gen byte q74_why_diff_doh_lic_XX = strpos(q74_why_diff_doh_lic, "XX") > 0  // one per code
. * capture noisily {
. * foreach v in q66_why_diff_preventive q67_why_diff_lab q68_why_diff_meds q69_why_diff_infra q70_why_diff_equipment q7
> 1_why_diff_hr q72_why_diff_his q73_why_diff_docs q74_why_diff_doh_lic {
. *     svy: tab `v', percent
. *     tabout `v' using "$OUT_DIR/annex1_tables.xls", append svy oneway percent cells(cell) f(1)
. * }
. * }
. 
. *----- Table 1.8c - Percentage distribution of facility head respondents of private
. *       hospitals reported reasons to barriers in facilities' accreditation to PhilHealth
. *       YAKAP/Konsulta, for the most recent application (n=366) -----
. * universe: facility heads of private hospitals (n=366) | breakdown: none stated | status: mapped
. * note: Same Q66-Q74 battery; filter facility_type=hospital & F_OWNERSHIP=private
. * CHECKBOX: split alpha multi-code field into dummies before tab:
. * gen byte q66_why_diff_preventive_XX = strpos(q66_why_diff_preventive, "XX") > 0  // one per code
. * gen byte q67_why_diff_lab_XX = strpos(q67_why_diff_lab, "XX") > 0  // one per code
. * gen byte q68_why_diff_meds_XX = strpos(q68_why_diff_meds, "XX") > 0  // one per code
. * gen byte q69_why_diff_infra_XX = strpos(q69_why_diff_infra, "XX") > 0  // one per code
. * gen byte q70_why_diff_equipment_XX = strpos(q70_why_diff_equipment, "XX") > 0  // one per code
. * gen byte q71_why_diff_hr_XX = strpos(q71_why_diff_hr, "XX") > 0  // one per code
. * gen byte q72_why_diff_his_XX = strpos(q72_why_diff_his, "XX") > 0  // one per code
. * gen byte q73_why_diff_docs_XX = strpos(q73_why_diff_docs, "XX") > 0  // one per code
. * gen byte q74_why_diff_doh_lic_XX = strpos(q74_why_diff_doh_lic, "XX") > 0  // one per code
. * capture noisily {
. * foreach v in q66_why_diff_preventive q67_why_diff_lab q68_why_diff_meds q69_why_diff_infra q70_why_diff_equipment q7
> 1_why_diff_hr q72_why_diff_his q73_why_diff_docs q74_why_diff_doh_lic {
. *     svy: tab `v', percent
. *     tabout `v' using "$OUT_DIR/annex1_tables.xls", append svy oneway percent cells(cell) f(1)
. * }
. * }
. 
. *----- Table 1.9 - Percentage distribution of the average number of days to PhilHealth
. *       YAKAP/Konsulta accreditation for the facility's most recent application, by facility
. *       type (n=1,521) -----
. * universe: all facility heads (n=1,521) | breakdown: by facility type | status: mapped
. * note: Q63 captures wait in MONTHS, not days (table title says days) - report months or
. *   convert
. * f_type comes from the facility master-list join (see plan notes)
. capture noisily svy: tab q63_accred_wait f_type, col percent
variable q63_accred_wait not found

. capture noisily tabout q63_accred_wait f_type using "$OUT_DIR/annex1_tables.xls", append svy percent cells(col) f(1)
variable q63_accred_wait not found

. 
. *----- Table 1.10 - Percentage distribution of basic services outsourced by
. *       YAKAP/Konsulta provider or primary care providers, over the past 6 months, by facility
. *       type (n=1,521) -----
. * universe: all facility heads (n=1,521) | breakdown: by facility type | status: partial
. * PARTIAL: No 'services outsourced' item; Q160=where patients go for unavailable
. *   services is nearest proxy; no 6-mo window
. * CHECKBOX: split alpha multi-code field into dummies before tab:
. * gen byte q160_external_services_go_XX = strpos(q160_external_services_go, "XX") > 0  // one per code
. * f_type comes from the facility master-list join (see plan notes)
. * capture noisily svy: tab q160_external_services_go f_type, col percent
. * capture noisily tabout q160_external_services_go f_type using "$OUT_DIR/annex1_tables.xls", append svy percent cells
> (col) f(1)
. 
. *----- Table 1.11 - Percentage distribution of top methods of outbound referral, by
. *       facility type (n=1,521) -----
. * universe: all facility heads (n=1,521) | breakdown: by facility type | status: mapped
. * note: Checkbox multi; split to dummies
. * CHECKBOX: split alpha multi-code field into dummies before tab:
. * gen byte q155_send_referral_how_XX = strpos(q155_send_referral_how, "XX") > 0  // one per code
. * f_type comes from the facility master-list join (see plan notes)
. * capture noisily svy: tab q155_send_referral_how f_type, col percent
. * capture noisily tabout q155_send_referral_how f_type using "$OUT_DIR/annex1_tables.xls", append svy percent cells(co
> l) f(1)
. 
. *----- Table 1.12 - Percentage distribution of top methods of inbound referral of
. *       hospitals, by facility type (n=1,521) -----
. * universe: hospitals | breakdown: by facility type | status: mapped
. * note: Checkbox multi; inbound-referral question; universe=hospitals
. * CHECKBOX: split alpha multi-code field into dummies before tab:
. * gen byte q159_receive_referral_how_XX = strpos(q159_receive_referral_how, "XX") > 0  // one per code
. * f_type comes from the facility master-list join (see plan notes)
. * capture noisily svy: tab q159_receive_referral_how f_type, col percent
. * capture noisily tabout q159_receive_referral_how f_type using "$OUT_DIR/annex1_tables.xls", append svy percent cells
> (col) f(1)
. 
. *----- Table 1.13 - Percent distribution of primary care providers who have a network of
. *       specialist providers or referral health facilities to refer patients to, by facility
. *       type (n=1,521) -----
. * universe: primary care providers | breakdown: by facility type | status: mapped
. * note: Universe=primary care providers (Q8_SERVICE_LEVEL=1)
. * f_type comes from the facility master-list join (see plan notes)
. capture noisily svy: tab q157_specialist_network f_type, col percent
variable q157_specialist_network not found

. capture noisily tabout q157_specialist_network f_type using "$OUT_DIR/annex1_tables.xls", append svy percent cells(col
> ) f(1)
variable q157_specialist_network not found

. 
. *----- Table 1.14 - Percent distribution of the facility head respondents' satisfaction
. *       rate for the referral system over the past 6 months, by facility type (n=1,521) -----
. * universe: all facility heads (n=1,521) | breakdown: by facility type | status: mapped
. * f_type comes from the facility master-list join (see plan notes)
. capture noisily svy: tab q161_ref_satisfaction f_type, col percent
variable q161_ref_satisfaction not found

. capture noisily tabout q161_ref_satisfaction f_type using "$OUT_DIR/annex1_tables.xls", append svy percent cells(col) 
> f(1)
variable q161_ref_satisfaction not found

. 
. *----- Table 1.15 - Percent distribution of top challenges for facilities in the
. *       referral system, by facility type (n=1,521) -----
. * universe: all facility heads (n=1,521) | breakdown: by facility type | status: partial
. * PARTIAL: No direct referral-challenges battery; Q162=why not satisfied, asked only if
. *   Q161 dissatisfied - biased universe
. * CHECKBOX: split alpha multi-code field into dummies before tab:
. * gen byte q162_not_satisfied_why_XX = strpos(q162_not_satisfied_why, "XX") > 0  // one per code
. * f_type comes from the facility master-list join (see plan notes)
. * capture noisily svy: tab q162_not_satisfied_why f_type, col percent
. * capture noisily tabout q162_not_satisfied_why f_type using "$OUT_DIR/annex1_tables.xls", append svy percent cells(co
> l) f(1)
. 
. *----- Table 1.16 - Percent distribution of facilities that are DOH licensed, at the
. *       point of survey, by facility type (n=1,521) -----
. * universe: all facilities (n=1,521) | breakdown: by facility type | status: mapped
. * f_type comes from the facility master-list join (see plan notes)
. capture noisily svy: tab q118_doh_licensed f_type, col percent
variable q118_doh_licensed not found

. capture noisily tabout q118_doh_licensed f_type using "$OUT_DIR/annex1_tables.xls", append svy percent cells(col) f(1)
variable q118_doh_licensed not found

. 
. *----- Table 1.17a - Percent distribution of top barriers in DOH licensing for
. *       rural/city health unit, for the most recent application (n=911) -----
. * universe: rural/city health units (n=911) | breakdown: none stated | status: mapped
. * note: no parent Table 1.17 printed; only 1.17a/1.17b | Checkbox multi; filter
. *   facility_type=RHU/CHO
. * CHECKBOX: split alpha multi-code field into dummies before tab:
. * gen byte q121_doh_lic_difficult_XX = strpos(q121_doh_lic_difficult, "XX") > 0  // one per code
. * capture noisily svy: tab q121_doh_lic_difficult, percent
. * capture noisily tabout q121_doh_lic_difficult using "$OUT_DIR/annex1_tables.xls", append svy oneway percent cells(ce
> ll) f(1)
. 
. *----- Table 1.17b - Percent distribution of top barriers in DOH licensing for
. *       hospitals, for the most recent application -----
. * universe: hospitals | breakdown: none stated | status: mapped
. * note: no n= printed (cf. 1.17a n=911) | Checkbox multi; filter facility_type=hospital
. *   (L1-L3)
. * CHECKBOX: split alpha multi-code field into dummies before tab:
. * gen byte q121_doh_lic_difficult_XX = strpos(q121_doh_lic_difficult, "XX") > 0  // one per code
. * capture noisily svy: tab q121_doh_lic_difficult, percent
. * capture noisily tabout q121_doh_lic_difficult using "$OUT_DIR/annex1_tables.xls", append svy oneway percent cells(ce
> ll) f(1)
. 
. *----- Table 1.18 - Percentage distribution of the average number of days to DOH
. *       licensing for the facility's most recent application, by facility type (n=1,521) -----
. * universe: all facility heads (n=1,521) | breakdown: by facility type | status: mapped
. * f_type comes from the facility master-list join (see plan notes)
. capture noisily svy: tab q120_lic_days f_type, col percent
variable q120_lic_days not found

. capture noisily tabout q120_lic_days f_type using "$OUT_DIR/annex1_tables.xls", append svy percent cells(col) f(1)
variable q120_lic_days not found

. 
. *----- Table 1.19 - Percentage distribution of facilities who provide NBB to 100% of
. *       eligible patients, over the past 6 months, by facility type -----
. * universe: facilities | breakdown: by facility type | status: mapped
. * note: Indicator: Q136=Yes among Q135=Yes (implements NBB for all patients, last 6 mo)
. * f_type comes from the facility master-list join (see plan notes)
. capture noisily {
. foreach v in q135_nbb_curr q136_nbb_all_patients {
  2.     svy: tab `v' f_type, col percent
  3.     tabout `v' f_type using "$OUT_DIR/annex1_tables.xls", append svy percent cells(col) f(1)
  4. }
variable q135_nbb_curr not found
r(111);
. }

. 
. *----- Table 1.20 - Percentage distribution of primary care facilities experiencing
. *       stock-outs of tracer essential medicines (e.g., antihypertensives, antibiotics) for more
. *       than 7 days in the past quarter -----
. * universe: primary care facilities | breakdown: none stated | status: mapped
. * DERIVED: Flag derived: Q112=1 & Q114>7 days (past 3 mo=quarter); Q113 free-text med
. *   list; universe primary care (Q8=1)
. * gen <derived_var> = ...   // TODO derive per recipe above, then tab it
. * capture noisily {
. * foreach v in q112_stockout q113_stockout_meds q114_stockout_duration q115_stockout_avg {
. *     svy: tab `v', percent
. *     tabout `v' using "$OUT_DIR/annex1_tables.xls", append svy oneway percent cells(cell) f(1)
. * }
. * }
. 
. *----- Table 1.21 - Percentage distribution of primary care facilities experiencing
. *       stock-outs of tracer essential medicines (e.g., antihypertensives, antibiotics) for more
. *       than 7 days in the past quarter (continued) -----
. * universe: primary care facilities | breakdown: none stated | status: mapped
. * note: printed as (continued) of Table 1.20 | Split pair with 1.20 - same Q112-Q115
. *   stock-out battery, continued panel
. capture noisily {
. foreach v in q112_stockout q113_stockout_meds q114_stockout_duration q115_stockout_avg {
  2.     svy: tab `v', percent
  3.     tabout `v' using "$OUT_DIR/annex1_tables.xls", append svy oneway percent cells(cell) f(1)
  4. }
variable q112_stockout not found
r(111);
. }

. 
. *----- Table 1.22 - Percentage distribution of patients successfully referred to a
. *       higher-level facility within the network (HCPN) who received care -----
. * universe: patients referred to higher-level facility within HCPN | breakdown: none stated |
. *   status: partial
. * PARTIAL: F1 has only outbound referral count Q154 (past 6 mo); no received-care
. *   outcome in F1 - numerator is patient-side (F3)
. * capture noisily svy: tab q154_num_referred_out, percent
. * capture noisily tabout q154_num_referred_out using "$OUT_DIR/annex1_tables.xls", append svy oneway percent cells(cel
> l) f(1)
. 
. *----- Table 1.23 - Percentage distribution of facilities submitting routine health and
. *       financial data to DOH Information System and/or PhilHealth Dashboard -----
. * universe: facilities | breakdown: none stated | status: mapped
. capture noisily svy: tab q32_data_submit, percent
variable q32_data_submit not found

. capture noisily tabout q32_data_submit using "$OUT_DIR/annex1_tables.xls", append svy oneway percent cells(cell) f(1)
variable q32_data_submit not found

. 
. *----- Table 1.24 - Percentage distribution on the frequency of health and financial
. *       data submissions to DOH Information System and/or PhilHealth Dashboard -----
. * universe: facilities | breakdown: none stated | status: mapped
. capture noisily svy: tab q33_data_freq, percent
variable q33_data_freq not found

. capture noisily tabout q33_data_freq using "$OUT_DIR/annex1_tables.xls", append svy oneway percent cells(cell) f(1)
variable q33_data_freq not found

. 
. *----- Table 1.25 - Percentage distribution of the submitted health and financial data
. *       reports used for decision-making -----
. * universe: facilities | breakdown: none stated | status: mapped
. * note: Checkbox multi; split to dummies
. * CHECKBOX: split alpha multi-code field into dummies before tab:
. * gen byte q34_data_reports_used_XX = strpos(q34_data_reports_used, "XX") > 0  // one per code
. * capture noisily svy: tab q34_data_reports_used, percent
. * capture noisily tabout q34_data_reports_used using "$OUT_DIR/annex1_tables.xls", append svy oneway percent cells(cel
> l) f(1)
. 
. *----- Table 1.26 - Percentage distribution of facility head respondents who report
. *       clearly defined roles and autonomy vis-?-vis the LGU/Provincial Health Office -----
. * universe: facility heads | breakdown: none stated | status: mapped
. * note: Q152=clarity rating of PHO-vs-facility decision protocols
. capture noisily svy: tab q152_pho_protocol_clarity, percent
variable q152_pho_protocol_clarity not found

. capture noisily tabout q152_pho_protocol_clarity using "$OUT_DIR/annex1_tables.xls", append svy oneway percent cells(c
> ell) f(1)
variable q152_pho_protocol_clarity not found

. 
. *----- Table 1.27 - Percentage distribution of facility head respondents who reported
. *       delays in receiving capitation tranches -----
. * universe: facility heads | breakdown: none stated | status: mapped
. capture noisily svy: tab q61_tranche_delay, percent
variable q61_tranche_delay not found

. capture noisily tabout q61_tranche_delay using "$OUT_DIR/annex1_tables.xls", append svy oneway percent cells(cell) f(1
> )
variable q61_tranche_delay not found

. 
. *----- Table 1.28 - Percentage distribution on the average time interval between
. *       tranches releases to the facility -----
. * universe: facilities | breakdown: none stated | status: mapped
. capture noisily svy: tab q62_tranche_interval, percent
variable q62_tranche_interval not found

. capture noisily tabout q62_tranche_interval using "$OUT_DIR/annex1_tables.xls", append svy oneway percent cells(cell) 
> f(1)
variable q62_tranche_interval not found

. 
. *----- Table 1.29 - Percentage distribution of facility heads by role in the health
. *       facility -----
. * universe: facility heads | breakdown: by role in the health facility | status: mapped
. * TODO breakdown dim(s) with no standard bygroup var yet: role in the health facility
. capture noisily svy: tab q2_facility_role, percent
variable q2_facility_role not found

. capture noisily tabout q2_facility_role using "$OUT_DIR/annex1_tables.xls", append svy oneway percent cells(cell) f(1)
variable q2_facility_role not found

. 
. *----- Table 1.30 - Percentage distribution of facility heads by age group -----
. * universe: facility heads | breakdown: by age group | status: mapped
. * DERIVED: Age bands derived from continuous Q3_AGE
. * gen <derived_var> = ...   // TODO derive per recipe above, then tab it
. * TODO breakdown dim(s) with no standard bygroup var yet: age group
. * capture noisily svy: tab q3_age, percent
. * capture noisily tabout q3_age using "$OUT_DIR/annex1_tables.xls", append svy oneway percent cells(cell) f(1)
. 
. *----- Table 1.31 - Percentage distribution of facility heads by sex at birth -----
. * universe: facility heads | breakdown: by sex at birth | status: mapped
. * TODO breakdown dim(s) with no standard bygroup var yet: sex at birth
. capture noisily svy: tab q4_sex, percent
variable q4_sex not found

. capture noisily tabout q4_sex using "$OUT_DIR/annex1_tables.xls", append svy oneway percent cells(cell) f(1)
variable q4_sex not found

. 
. *----- Table 1.32 - Percentage distribution of health facilities by service capacity
. *       level -----
. * universe: health facilities | breakdown: by service capacity level | status: mapped
. * TODO breakdown dim(s) with no standard bygroup var yet: service capacity level
. capture noisily svy: tab q8_service_level, percent
variable q8_service_level not found

. capture noisily tabout q8_service_level using "$OUT_DIR/annex1_tables.xls", append svy oneway percent cells(cell) f(1)
variable q8_service_level not found

. 
. 
end of do-file

. do 20_annex2.do

. * 20_annex2.do - Annex 2 - F3 patient exit survey table skeletons (Stata 12)
. * GENERATED by build_dofiles.py - do NOT hand-edit; edit the generator and re-run.
. version 12

. 
. capture erase "$OUT_DIR/annex2_tables.xls"

. use "$DATA_DIR/f3.dta", clear

. 
. *----- Table 2.1 - Percent of inpatient and outpatient respondents who have heard about
. *       UHC, by province -----
. * universe: inpatients+outpatients | breakdown: by province x in/outpatient | status: mapped
. * note: PATIENT_TYPE=in(2)/out(1) split used by ALL a/b tables; province
. *   dim=PROVINCE_HUC_CODE (PSGC, see codebook)
. * TODO extra breakdown dim(s) mapped but not in this two-way tab: patient_type (run as subpop or second pass)
. capture noisily {
. foreach v in q35_uhc_heard patient_type {
  2.     svy: tab `v' province_huc, col percent
  3.     tabout `v' province_huc using "$OUT_DIR/annex2_tables.xls", append svy percent cells(col) f(1)
  4. }
variable q35_uhc_heard not found
r(111);
. }

. 
. *----- Table 2.2a - Percent distribution of source of information about UHC of inpatient
. *       respondents, by province -----
. * universe: inpatients | breakdown: by province | status: mapped
. * note: (checkbox multi) UAT-converted tick-all; in/out split via PATIENT_TYPE (see 2.1)
. * CHECKBOX: split alpha multi-code field into dummies before tab:
. * gen byte q36_uhc_source_XX = strpos(q36_uhc_source, "XX") > 0  // one per code
. * capture noisily svy: tab q36_uhc_source province_huc, col percent
. * capture noisily tabout q36_uhc_source province_huc using "$OUT_DIR/annex2_tables.xls", append svy percent cells(col)
>  f(1)
. 
. *----- Table 2.2b - Percent distribution of source of information about UHC of
. *       outpatient respondents, by province -----
. * universe: outpatients | breakdown: by province | status: mapped
. * note: (checkbox multi) UAT-converted tick-all; in/out split via PATIENT_TYPE (see 2.1)
. * CHECKBOX: split alpha multi-code field into dummies before tab:
. * gen byte q36_uhc_source_XX = strpos(q36_uhc_source, "XX") > 0  // one per code
. * capture noisily svy: tab q36_uhc_source province_huc, col percent
. * capture noisily tabout q36_uhc_source province_huc using "$OUT_DIR/annex2_tables.xls", append svy percent cells(col)
>  f(1)
. 
. *----- Table 2.3 - Percent distribution of inpatient and outpatient respondents who
. *       identify as registered to PhilHealth, by province -----
. * universe: inpatients+outpatients | breakdown: by province x in/outpatient | status: mapped
. * note: reinstated Q38_1_PIN_WHEN adds when-registered detail; split via PATIENT_TYPE
. *   (see 2.1)
. * TODO extra breakdown dim(s) mapped but not in this two-way tab: patient_type (run as subpop or second pass)
. capture noisily svy: tab q38_philhealth_reg province_huc, col percent
variable q38_philhealth_reg not found

. capture noisily tabout q38_philhealth_reg province_huc using "$OUT_DIR/annex2_tables.xls", append svy percent cells(co
> l) f(1)
variable q38_philhealth_reg not found

. 
. *----- Table 2.4 - Percentage distribution of unregistered inpatient and outpatient who
. *       know where to seek assistance for the registration process, by province -----
. * universe: unregistered inpatients+outpatients | breakdown: by province x in/outpatient | status:
. *   mapped
. * note: universe filter Q38=No; Q44_WHERE_ASSIST gives where; split via PATIENT_TYPE
. *   (see 2.1)
. * TODO extra breakdown dim(s) mapped but not in this two-way tab: patient_type (run as subpop or second pass)
. capture noisily {
. foreach v in q43_knows_assist q38_philhealth_reg {
  2.     svy: tab `v' province_huc, col percent
  3.     tabout `v' province_huc using "$OUT_DIR/annex2_tables.xls", append svy percent cells(col) f(1)
  4. }
variable q43_knows_assist not found
r(111);
. }

. 
. *----- Table 2.5a - Percentage distribution of inpatient respondents' source of
. *       information on PhilHealth registration, by province -----
. * universe: inpatients | breakdown: by province | status: mapped
. * note: single-select source of info on PhilHealth registration
. capture noisily svy: tab q39_how_find_out province_huc, col percent
variable q39_how_find_out not found

. capture noisily tabout q39_how_find_out province_huc using "$OUT_DIR/annex2_tables.xls", append svy percent cells(col)
>  f(1)
variable q39_how_find_out not found

. 
. *----- Table 2.5b - Percentage distribution of outpatient respondents' source of
. *       information on PhilHealth registration, by province -----
. * universe: outpatients | breakdown: by province | status: mapped
. * note: single-select source of info on PhilHealth registration
. capture noisily svy: tab q39_how_find_out province_huc, col percent
variable q39_how_find_out not found

. capture noisily tabout q39_how_find_out province_huc using "$OUT_DIR/annex2_tables.xls", append svy percent cells(col)
>  f(1)
variable q39_how_find_out not found

. 
. *----- Table 2.6a - Percentage distribution of inpatient respondents who can correctly
. *       list PhilHealth benefits under UHC reforms, by province -----
. * universe: inpatients | breakdown: by province | status: mapped
. * note: (checkbox multi) correctness scored from codes 01-03 vs 04/90
. * CHECKBOX: split alpha multi-code field into dummies before tab:
. * gen byte q46_benefits_XX = strpos(q46_benefits, "XX") > 0  // one per code
. * capture noisily svy: tab q46_benefits province_huc, col percent
. * capture noisily tabout q46_benefits province_huc using "$OUT_DIR/annex2_tables.xls", append svy percent cells(col) f
> (1)
. 
. *----- Table 2.6b - Percentage distribution of outpatient respondents who can correctly
. *       list PhilHealth benefits under UHC reforms, by province -----
. * universe: outpatients | breakdown: by province | status: mapped
. * note: (checkbox multi) correctness scored from codes 01-03 vs 04/90
. * CHECKBOX: split alpha multi-code field into dummies before tab:
. * gen byte q46_benefits_XX = strpos(q46_benefits, "XX") > 0  // one per code
. * capture noisily svy: tab q46_benefits province_huc, col percent
. * capture noisily tabout q46_benefits province_huc using "$OUT_DIR/annex2_tables.xls", append svy percent cells(col) f
> (1)
. 
. *----- Table 2.7 - Percentage distribution of inpatient and outpatient respondents who
. *       have heard about YAKAP/Konsulta provider assignment under UHC, by province -----
. * universe: inpatients+outpatients | breakdown: by province x in/outpatient | status: mapped
. * note: split via PATIENT_TYPE (see 2.1)
. * TODO extra breakdown dim(s) mapped but not in this two-way tab: patient_type (run as subpop or second pass)
. capture noisily svy: tab q74_kon_heard province_huc, col percent
variable q74_kon_heard not found

. capture noisily tabout q74_kon_heard province_huc using "$OUT_DIR/annex2_tables.xls", append svy percent cells(col) f(
> 1)
variable q74_kon_heard not found

. 
. *----- Table 2.8a - Percentage distribution of inpatient respondents who can identify
. *       the benefits under the PhilHealth YAKAP/Konsulta package -----
. * universe: inpatients | breakdown: none stated | status: mapped
. * note: (checkbox multi) benefit identification scored from codes
. * CHECKBOX: split alpha multi-code field into dummies before tab:
. * gen byte q76_kon_understand_XX = strpos(q76_kon_understand, "XX") > 0  // one per code
. * capture noisily svy: tab q76_kon_understand, percent
. * capture noisily tabout q76_kon_understand using "$OUT_DIR/annex2_tables.xls", append svy oneway percent cells(cell) 
> f(1)
. 
. *----- Table 2.8b - Percentage distribution of outpatient respondents who can identify
. *       the benefits under the PhilHealth YAKAP/Konsulta package -----
. * universe: outpatients | breakdown: none stated | status: mapped
. * note: (checkbox multi) benefit identification scored from codes
. * CHECKBOX: split alpha multi-code field into dummies before tab:
. * gen byte q76_kon_understand_XX = strpos(q76_kon_understand, "XX") > 0  // one per code
. * capture noisily svy: tab q76_kon_understand, percent
. * capture noisily tabout q76_kon_understand using "$OUT_DIR/annex2_tables.xls", append svy oneway percent cells(cell) 
> f(1)
. 
. *----- Table 2.9a - Percentage distribution of inpatient respondents who state that they
. *       would visit the YAKAP/Konsulta provider or primary care provider as their first point of
. *       contact, by province -----
. * universe: inpatients | breakdown: by province | status: partial
. * PARTIAL: no direct first-point-of-contact item on F3; proxy=Q80 (knows to book
. *   Konsulta when sick)+Q53 has PCP
. * capture noisily {
. * foreach v in q80_kon_knows_booking q53_has_pcp {
. *     svy: tab `v' province_huc, col percent
. *     tabout `v' province_huc using "$OUT_DIR/annex2_tables.xls", append svy percent cells(col) f(1)
. * }
. * }
. 
. *----- Table 2.9b - Percentage distribution of outpatient respondents who state that
. *       they would visit the YAKAP/Konsulta provider or primary care provider as their first
. *       point of contact, by province -----
. * universe: outpatients | breakdown: by province | status: partial
. * PARTIAL: no direct first-point-of-contact item on F3; proxy=Q80 (knows to book
. *   Konsulta when sick)+Q53 has PCP
. * capture noisily {
. * foreach v in q80_kon_knows_booking q53_has_pcp {
. *     svy: tab `v' province_huc, col percent
. *     tabout `v' province_huc using "$OUT_DIR/annex2_tables.xls", append svy percent cells(col) f(1)
. * }
. * }
. 
. *----- Table 2.10a - Percentage distribution of inpatient respondents' top challenges in
. *       registration to PhilHealth for those who have undergone the registration process
. *       (including those who did not register successfully) in the past year, by province -----
. * universe: inpatients who have undergone the registration process | breakdown: by province |
. *   status: mapped
. * note: (checkbox multi) Q42=registered path; reinstated Q38_2 tick-all covers
. *   unregistered/unsuccessful
. * CHECKBOX: split alpha multi-code field into dummies before tab:
. * gen byte q42_difficulty_XX = strpos(q42_difficulty, "XX") > 0  // one per code
. * gen byte q41_reg_difficulty_XX = strpos(q41_reg_difficulty, "XX") > 0  // one per code
. * gen byte q38_2_why_not_reg_XX = strpos(q38_2_why_not_reg, "XX") > 0  // one per code
. * capture noisily {
. * foreach v in q42_difficulty q41_reg_difficulty q38_2_why_not_reg {
. *     svy: tab `v' province_huc, col percent
. *     tabout `v' province_huc using "$OUT_DIR/annex2_tables.xls", append svy percent cells(col) f(1)
. * }
. * }
. 
. *----- Table 2.10b - Percentage distribution of outpatient respondents' top challenges
. *       in registration to PhilHealth for those who have undergone the registration process
. *       (including those who did not register successfully) in the past year, by province -----
. * universe: outpatients who have undergone the registration process | breakdown: by province |
. *   status: mapped
. * note: (checkbox multi) Q42=registered path; reinstated Q38_2 tick-all covers
. *   unregistered/unsuccessful
. * CHECKBOX: split alpha multi-code field into dummies before tab:
. * gen byte q42_difficulty_XX = strpos(q42_difficulty, "XX") > 0  // one per code
. * gen byte q41_reg_difficulty_XX = strpos(q41_reg_difficulty, "XX") > 0  // one per code
. * gen byte q38_2_why_not_reg_XX = strpos(q38_2_why_not_reg, "XX") > 0  // one per code
. * capture noisily {
. * foreach v in q42_difficulty q41_reg_difficulty q38_2_why_not_reg {
. *     svy: tab `v' province_huc, col percent
. *     tabout `v' province_huc using "$OUT_DIR/annex2_tables.xls", append svy percent cells(col) f(1)
. * }
. * }
. 
. *----- Table 2.11a - Percent distribution of inpatient respondents by type of PhilHealth
. *       member who self-report to have struggled to pay premiums in the past year, by province
. *       -----
. * universe: inpatient PhilHealth members | breakdown: by PhilHealth member type x province |
. *   status: mapped
. * note: member type=Q45; struggled=Q49 (filter Q48=pays premiums)
. * TODO breakdown dim(s) with no standard bygroup var yet: PhilHealth member type
. capture noisily {
. foreach v in q45_category q49_premium_difficult q48_premium_pay {
  2.     svy: tab `v' province_huc, col percent
  3.     tabout `v' province_huc using "$OUT_DIR/annex2_tables.xls", append svy percent cells(col) f(1)
  4. }
variable q45_category not found
r(111);
. }

. 
. *----- Table 2.11b - Percent distribution of outpatient respondents by type of
. *       PhilHealth member who self-report to have struggled to pay premiums in the past year, by
. *       province -----
. * universe: outpatient PhilHealth members | breakdown: by PhilHealth member type x province |
. *   status: mapped
. * note: member type=Q45; struggled=Q49 (filter Q48=pays premiums)
. * TODO breakdown dim(s) with no standard bygroup var yet: PhilHealth member type
. capture noisily {
. foreach v in q45_category q49_premium_difficult q48_premium_pay {
  2.     svy: tab `v' province_huc, col percent
  3.     tabout `v' province_huc using "$OUT_DIR/annex2_tables.xls", append svy percent cells(col) f(1)
  4. }
variable q45_category not found
r(111);
. }

. 
. *----- Table 2.12 - Percent distribution of inpatient and outpatient respondents that
. *       have registered to a YAKAP/Konsulta provider, by province -----
. * universe: inpatients+outpatients | breakdown: by province x in/outpatient | status: mapped
. * note: split via PATIENT_TYPE (see 2.1)
. * TODO extra breakdown dim(s) mapped but not in this two-way tab: patient_type (run as subpop or second pass)
. capture noisily svy: tab q77_kon_registered province_huc, col percent
variable q77_kon_registered not found

. capture noisily tabout q77_kon_registered province_huc using "$OUT_DIR/annex2_tables.xls", append svy percent cells(co
> l) f(1)
variable q77_kon_registered not found

. 
. *----- Table 2.13 - Percent distribution of inpatient and outpatient respondents who
. *       have consulted their assigned YAKAP/Konsulta provider since registering, by province
. *       -----
. * universe: inpatients+outpatients registered to a YAKAP/Konsulta provider | breakdown: by
. *   province x in/outpatient | status: mapped
. * note: universe filter Q77=Yes; split via PATIENT_TYPE (see 2.1)
. * TODO extra breakdown dim(s) mapped but not in this two-way tab: patient_type (run as subpop or second pass)
. capture noisily {
. foreach v in q79_kon_had_appt q77_kon_registered {
  2.     svy: tab `v' province_huc, col percent
  3.     tabout `v' province_huc using "$OUT_DIR/annex2_tables.xls", append svy percent cells(col) f(1)
  4. }
variable q79_kon_had_appt not found
r(111);
. }

. 
. *----- Table 2.14 - Percent distribution of inpatient and outpatient respondents in HCPN
. *       that were referred from YAKAP/Konsulta provider or primary care provider, for most
. *       recent interaction, by province -----
. * universe: inpatients+outpatients in HCPN | breakdown: by province x in/outpatient | status:
. *   partial
. * PARTIAL: referral-from-PCP/Konsulta=Q172; 'in HCPN' universe has no F3 flag - define
. *   analytically
. * TODO extra breakdown dim(s) mapped but not in this two-way tab: patient_type (run as subpop or second pass)
. * capture noisily svy: tab q172_pcp_referral province_huc, col percent
. * capture noisily tabout q172_pcp_referral province_huc using "$OUT_DIR/annex2_tables.xls", append svy percent cells(c
> ol) f(1)
. 
. *----- Table 2.15 - Percent distribution of inpatient and outpatient respondents that
. *       received assistance in making the appointment for that visit, by province -----
. * universe: inpatients+outpatients | breakdown: by province x in/outpatient | status: mapped
. * note: referral path Q167; PCP path Q175; split via PATIENT_TYPE (see 2.1)
. * TODO extra breakdown dim(s) mapped but not in this two-way tab: patient_type (run as subpop or second pass)
. capture noisily {
. foreach v in q167_helped_appt q175_pcp_helped_appt {
  2.     svy: tab `v' province_huc, col percent
  3.     tabout `v' province_huc using "$OUT_DIR/annex2_tables.xls", append svy percent cells(col) f(1)
  4. }
variable q167_helped_appt not found
r(111);
. }

. 
. *----- Table 2.16 - Percent distribution of inpatient and outpatient respondents that
. *       received assistance by discussing with them the different places they could visit to
. *       address their health problem, by province -----
. * universe: inpatients+outpatients | breakdown: by province x in/outpatient | status: mapped
. * note: referral path Q166; PCP path Q174; split via PATIENT_TYPE (see 2.1)
. * TODO extra breakdown dim(s) mapped but not in this two-way tab: patient_type (run as subpop or second pass)
. capture noisily {
. foreach v in q166_discussed_options q174_pcp_discussed {
  2.     svy: tab `v' province_huc, col percent
  3.     tabout `v' province_huc using "$OUT_DIR/annex2_tables.xls", append svy percent cells(col) f(1)
  4. }
variable q166_discussed_options not found
r(111);
. }

. 
. *----- Table 2.17a - Percentage distribution of inpatient respondents' overall
. *       satisfaction rate with the referral system process for most recent interaction at the
. *       time of survey, by province -----
. * universe: inpatients | breakdown: by province | status: mapped
. capture noisily svy: tab q178_sat_referral province_huc, col percent
variable q178_sat_referral not found

. capture noisily tabout q178_sat_referral province_huc using "$OUT_DIR/annex2_tables.xls", append svy percent cells(col
> ) f(1)
variable q178_sat_referral not found

. 
. *----- Table 2.17b - Percentage distribution of outpatient respondents' overall
. *       satisfaction rate with the referral system process for most recent interaction at the
. *       time of survey, by province -----
. * universe: outpatients | breakdown: by province | status: mapped
. capture noisily svy: tab q178_sat_referral province_huc, col percent
variable q178_sat_referral not found

. capture noisily tabout q178_sat_referral province_huc using "$OUT_DIR/annex2_tables.xls", append svy percent cells(col
> ) f(1)
variable q178_sat_referral not found

. 
. *----- Table 2.18 - Percent distribution of inpatient and outpatient respondents who can
. *       correctly define a generic drug, by province -----
. * universe: inpatients+outpatients | breakdown: by province x in/outpatient | status: partial
. * PARTIAL: self-reported knows-difference only; no open definition item to score
. *   'correctly define'
. * TODO extra breakdown dim(s) mapped but not in this two-way tab: patient_type (run as subpop or second pass)
. * capture noisily svy: tab q158_brand_gen_know province_huc, col percent
. * capture noisily tabout q158_brand_gen_know province_huc using "$OUT_DIR/annex2_tables.xls", append svy percent cells
> (col) f(1)
. 
. *----- Table 2.19 - Percentage distribution of inpatient and outpatient respondents who
. *       chose a generic drug when buying medication, for last interaction, by province -----
. * universe: inpatients+outpatients | breakdown: by province x in/outpatient | status: mapped
. * note: asked for meds bought outside GAMOT pharmacy, last purchase
. * TODO extra breakdown dim(s) mapped but not in this two-way tab: patient_type (run as subpop or second pass)
. capture noisily svy: tab q159_brand_gen_bought province_huc, col percent
variable q159_brand_gen_bought not found

. capture noisily tabout q159_brand_gen_bought province_huc using "$OUT_DIR/annex2_tables.xls", append svy percent cells
> (col) f(1)
variable q159_brand_gen_bought not found

. 
. *----- Table 2.20a - Percentage distribution of inpatient respondents' reasons to
. *       purchase generic options (prescribed by doctor, cheaper, etc.) in the past 6 months, by
. *       province -----
. * universe: inpatients | breakdown: by province | status: mapped
. * note: (checkbox multi)
. * CHECKBOX: split alpha multi-code field into dummies before tab:
. * gen byte q160_why_generic_XX = strpos(q160_why_generic, "XX") > 0  // one per code
. * capture noisily svy: tab q160_why_generic province_huc, col percent
. * capture noisily tabout q160_why_generic province_huc using "$OUT_DIR/annex2_tables.xls", append svy percent cells(co
> l) f(1)
. 
. *----- Table 2.20b - Percentage distribution of outpatient respondents' reasons to
. *       purchase generic options (prescribed by doctor, cheaper, etc.) in the past 6 months, by
. *       province -----
. * universe: outpatients | breakdown: by province | status: mapped
. * note: (checkbox multi)
. * CHECKBOX: split alpha multi-code field into dummies before tab:
. * gen byte q160_why_generic_XX = strpos(q160_why_generic, "XX") > 0  // one per code
. * capture noisily svy: tab q160_why_generic province_huc, col percent
. * capture noisily tabout q160_why_generic province_huc using "$OUT_DIR/annex2_tables.xls", append svy percent cells(co
> l) f(1)
. 
. *----- Table 2.21a - Percentage distribution of inpatient respondents' reasons to
. *       purchase branded options (prescribed by doctor, cheaper, etc.) in the past 6 months, by
. *       province -----
. * universe: inpatients | breakdown: by province | status: mapped
. * note: (checkbox multi)
. * CHECKBOX: split alpha multi-code field into dummies before tab:
. * gen byte q161_why_branded_XX = strpos(q161_why_branded, "XX") > 0  // one per code
. * capture noisily svy: tab q161_why_branded province_huc, col percent
. * capture noisily tabout q161_why_branded province_huc using "$OUT_DIR/annex2_tables.xls", append svy percent cells(co
> l) f(1)
. 
. *----- Table 2.21b - Percentage distribution of outpatient respondents' reasons to
. *       purchase branded options (prescribed by doctor, cheaper, etc.) in the past 6 months, by
. *       province -----
. * universe: outpatients | breakdown: by province | status: mapped
. * note: (checkbox multi)
. * CHECKBOX: split alpha multi-code field into dummies before tab:
. * gen byte q161_why_branded_XX = strpos(q161_why_branded, "XX") > 0  // one per code
. * capture noisily svy: tab q161_why_branded province_huc, col percent
. * capture noisily tabout q161_why_branded province_huc using "$OUT_DIR/annex2_tables.xls", append svy percent cells(co
> l) f(1)
. 
. *----- Table 2.22a - Percent distribution of inpatient respondents that accessed
. *       medications for free or subsidized, in the last 6 months, by province -----
. * universe: inpatients | breakdown: by province | status: partial
. * PARTIAL: no single free/subsidized-meds item; derive from free/donation codes in meds
. *   pay sources + GAMOT receipt (checkbox multi)
. * CHECKBOX: split alpha multi-code field into dummies before tab:
. * gen byte q109_sources_XX = strpos(q109_sources, "XX") > 0  // one per code
. * gen byte q96_sources_XX = strpos(q96_sources, "XX") > 0  // one per code
. * gen byte q155_gamot_got_meds_XX = strpos(q155_gamot_got_meds, "XX") > 0  // one per code
. * gen byte q157_where_rest_XX = strpos(q157_where_rest, "XX") > 0  // one per code
. * capture noisily {
. * foreach v in q109_sources q96_sources q155_gamot_got_meds q157_where_rest {
. *     svy: tab `v' province_huc, col percent
. *     tabout `v' province_huc using "$OUT_DIR/annex2_tables.xls", append svy percent cells(col) f(1)
. * }
. * }
. 
. *----- Table 2.22b - Percent distribution of outpatient respondents that accessed
. *       medications for free or subsidized, in the last 6 months, by province -----
. * universe: outpatients | breakdown: by province | status: partial
. * PARTIAL: no single free/subsidized-meds item; derive from free/donation codes in meds
. *   pay sources + GAMOT receipt (checkbox multi)
. * CHECKBOX: split alpha multi-code field into dummies before tab:
. * gen byte q96_sources_XX = strpos(q96_sources, "XX") > 0  // one per code
. * gen byte q109_sources_XX = strpos(q109_sources, "XX") > 0  // one per code
. * gen byte q155_gamot_got_meds_XX = strpos(q155_gamot_got_meds, "XX") > 0  // one per code
. * gen byte q157_where_rest_XX = strpos(q157_where_rest, "XX") > 0  // one per code
. * capture noisily {
. * foreach v in q96_sources q109_sources q155_gamot_got_meds q157_where_rest {
. *     svy: tab `v' province_huc, col percent
. *     tabout `v' province_huc using "$OUT_DIR/annex2_tables.xls", append svy percent cells(col) f(1)
. * }
. * }
. 
. *----- Table 2.23a - Percent distribution of inpatient respondents' top sources of
. *       medicine subsidization (i.e., LGU, employer, etc.) in the past 6 months -----
. * universe: inpatients | breakdown: none stated | status: partial
. * PARTIAL: no LGU/employer subsidy-source battery; nearest=Q157 free-source codes 05-08
. *   + free/donation pay codes (checkbox multi)
. * CHECKBOX: split alpha multi-code field into dummies before tab:
. * gen byte q157_where_rest_XX = strpos(q157_where_rest, "XX") > 0  // one per code
. * gen byte q109_sources_XX = strpos(q109_sources, "XX") > 0  // one per code
. * gen byte q96_sources_XX = strpos(q96_sources, "XX") > 0  // one per code
. * capture noisily {
. * foreach v in q157_where_rest q109_sources q96_sources {
. *     svy: tab `v', percent
. *     tabout `v' using "$OUT_DIR/annex2_tables.xls", append svy oneway percent cells(cell) f(1)
. * }
. * }
. 
. *----- Table 2.23b - Percent distribution of outpatient respondents' top sources of
. *       medicine subsidization (i.e., LGU, employer, etc.) in the past 6 months -----
. * universe: outpatients | breakdown: none stated | status: partial
. * PARTIAL: no LGU/employer subsidy-source battery; nearest=Q157 free-source codes 05-08
. *   + free/donation pay codes (checkbox multi)
. * CHECKBOX: split alpha multi-code field into dummies before tab:
. * gen byte q157_where_rest_XX = strpos(q157_where_rest, "XX") > 0  // one per code
. * gen byte q96_sources_XX = strpos(q96_sources, "XX") > 0  // one per code
. * gen byte q109_sources_XX = strpos(q109_sources, "XX") > 0  // one per code
. * capture noisily {
. * foreach v in q157_where_rest q96_sources q109_sources {
. *     svy: tab `v', percent
. *     tabout `v' using "$OUT_DIR/annex2_tables.xls", append svy oneway percent cells(cell) f(1)
. * }
. * }
. 
. *----- Table 2.24a - Percentage distribution of inpatient respondents' that have
. *       accessed to alternate financial assistance program/s to help cover medical costs, for
. *       most recent interaction, out of all patients -----
. * universe: all inpatients | breakdown: none stated | status: partial
. * PARTIAL: derived from assistance codes 04-07 of Q113 (checkbox multi) + MAIFIP Q126;
. *   no direct fin-assist item
. * DERIVED: derived from assistance codes 04-07 of Q113 (checkbox multi) + MAIFIP Q126;
. *   no direct fin-assist item
. * gen <derived_var> = ...   // TODO derive per recipe above, then tab it
. * CHECKBOX: split alpha multi-code field into dummies before tab:
. * gen byte q113_sources_XX = strpos(q113_sources, "XX") > 0  // one per code
. * gen byte q126_maifip_availed_XX = strpos(q126_maifip_availed, "XX") > 0  // one per code
. * capture noisily {
. * foreach v in q113_sources q126_maifip_availed {
. *     svy: tab `v', percent
. *     tabout `v' using "$OUT_DIR/annex2_tables.xls", append svy oneway percent cells(cell) f(1)
. * }
. * }
. 
. *----- Table 2.24b - Percentage distribution of outpatient respondents' that have
. *       accessed to alternate financial assistance program/s to help cover medical costs, for
. *       most recent interaction, out of all patients -----
. * universe: all outpatients | breakdown: none stated | status: partial
. * PARTIAL: derived from assistance codes 04-06,09 of Q98 (checkbox multi); no direct
. *   fin-assist item
. * DERIVED: derived from assistance codes 04-06,09 of Q98 (checkbox multi); no direct
. *   fin-assist item
. * gen <derived_var> = ...   // TODO derive per recipe above, then tab it
. * CHECKBOX: split alpha multi-code field into dummies before tab:
. * gen byte q98_sources_XX = strpos(q98_sources, "XX") > 0  // one per code
. * capture noisily svy: tab q98_sources, percent
. * capture noisily tabout q98_sources using "$OUT_DIR/annex2_tables.xls", append svy oneway percent cells(cell) f(1)
. 
. *----- Table 2.25a - Percentage distribution of inpatient respondents' that have
. *       accessed to alternate financial assistance program/s to help cover medical costs, for
. *       most recent interaction, out of billed patients -----
. * universe: billed inpatients | breakdown: none stated | status: partial
. * PARTIAL: as 2.24a; 'billed' universe inferred from bill items/final cash - no explicit
. *   billed flag
. * capture noisily {
. * foreach v in q113_sources q126_maifip_availed q115_final_cash {
. *     svy: tab `v', percent
. *     tabout `v' using "$OUT_DIR/annex2_tables.xls", append svy oneway percent cells(cell) f(1)
. * }
. * }
. 
. *----- Table 2.25b - Percentage distribution of outpatient respondents' that have
. *       accessed to alternate financial assistance program/s to help cover medical costs, for
. *       most recent interaction, out of billed patients -----
. * universe: billed outpatients | breakdown: none stated | status: partial
. * PARTIAL: as 2.24b; 'billed' universe inferred from bill/final amount - no explicit
. *   billed flag
. * capture noisily {
. * foreach v in q98_sources q97_final_amount {
. *     svy: tab `v', percent
. *     tabout `v' using "$OUT_DIR/annex2_tables.xls", append svy oneway percent cells(cell) f(1)
. * }
. * }
. 
. *----- Table 2.26 - Percentage distribution of inpatient and outpatient respondents'
. *       NBB-eligible who received NBB for most recent interaction -----
. * universe: NBB-eligible inpatients+outpatients | breakdown: none stated | status: partial
. * PARTIAL: derived indicator: NBB eligibility from Q45 member category; receipt inferred
. *   from zero cash at discharge/PhilHealth-covered codes
. * DERIVED: derived indicator: NBB eligibility from Q45 member category; receipt inferred
. *   from zero cash at discharge/PhilHealth-covered codes
. * gen <derived_var> = ...   // TODO derive per recipe above, then tab it
. * capture noisily {
. * foreach v in q45_category q115_final_cash q113_sources q107_sources {
. *     svy: tab `v', percent
. *     tabout `v' using "$OUT_DIR/annex2_tables.xls", append svy oneway percent cells(cell) f(1)
. * }
. * }
. 
. *----- Table 2.27 - Percentage distribution of inpatient and outpatient respondents'
. *       NBB-eligible who received ZBB for most recent interaction -----
. * universe: NBB-eligible inpatients+outpatients | breakdown: none stated | status: partial
. * PARTIAL: derived indicator: eligibility via Q45; no direct received-ZBB item - infer
. *   from Q122/Q123
. * DERIVED: derived indicator: eligibility via Q45; no direct received-ZBB item - infer
. *   from Q122/Q123
. * gen <derived_var> = ...   // TODO derive per recipe above, then tab it
. * capture noisily {
. * foreach v in q45_category q122_zbb_informed q123_zbb_extent {
. *     svy: tab `v', percent
. *     tabout `v' using "$OUT_DIR/annex2_tables.xls", append svy oneway percent cells(cell) f(1)
. * }
. * }
. 
. *----- Table 2.28a - Summary of alternate financial assistance program/s covering the
. *       inpatients' medical costs, in their most recent interaction -----
. * universe: inpatients | breakdown: none stated | status: mapped
. * note: (roster) assistance rows=codes 04-07 of Q113 with amounts
. * ROSTER: this table reads the F3 pay/expenditure roster extract, a separate
. * long-format dataset (one row per bill line / pay source).
. * use "$DATA_DIR/f3_roster.dta", clear   // TODO - roster extract not in ETL yet
. * ... (tab/collapse the roster, then:  use "$DATA_DIR/f3.dta", clear )
. * stat_type 'summary': skeleton uses svy: mean over the component items; composite recipe TBD
. * capture noisily svy: mean q113_pay_src q113_pay_amt
. * no breakdown var: tabout sum needs a row variable - read the svy: mean results from the log
. 
. *----- Table 2.28b - Summary of alternate financial assistance program/s covering the
. *       outpatients' medical costs, in their most recent interaction -----
. * universe: outpatients | breakdown: none stated | status: mapped
. * note: (roster) assistance rows=codes 04-06,09 of Q98 with amounts
. * ROSTER: this table reads the F3 pay/expenditure roster extract, a separate
. * long-format dataset (one row per bill line / pay source).
. * use "$DATA_DIR/f3_roster.dta", clear   // TODO - roster extract not in ETL yet
. * ... (tab/collapse the roster, then:  use "$DATA_DIR/f3.dta", clear )
. * stat_type 'summary': skeleton uses svy: mean over the component items; composite recipe TBD
. * capture noisily svy: mean q98_pay_src q98_pay_amt
. * no breakdown var: tabout sum needs a row variable - read the svy: mean results from the log
. 
. *----- Table 2.29 - Catastrophic health expenditure at the 25% and 40% thresholds across
. *       different subgroups among patients within UHC-IS and Non-UHC-IS -----
. * universe: inpatients+outpatients (UHC-IS and Non-UHC-IS) | breakdown: by subgroup x UHC-IS/Non-
. *   UHC-IS | status: partial
. * PARTIAL: derived indicator (CHE 25%/40%): OOP summed from expenditure rosters (roster)
. *   vs income Q18; UHC-IS flag=CLASSIFICATION
. * DERIVED: derived indicator (CHE 25%/40%): OOP summed from expenditure rosters (roster)
. *   vs income Q18; UHC-IS flag=CLASSIFICATION
. * gen <derived_var> = ...   // TODO derive per recipe above, then tab it
. * ROSTER: this table reads the F3 pay/expenditure roster extract, a separate
. * long-format dataset (one row per bill line / pay source).
. * use "$DATA_DIR/f3_roster.dta", clear   // TODO - roster extract not in ETL yet
. * ... (tab/collapse the roster, then:  use "$DATA_DIR/f3.dta", clear )
. * TODO breakdown dim(s) with no standard bygroup var yet: subgroup; UHC-IS/Non-UHC-IS
. * capture noisily {
. * foreach v in q18_income_amount classification q92_pay_amt q94_lab_amt q96_pay_amt q97_final_amount q971_pay_amt q972
> _pay_amt q107_pay_amt q109_pay_amt q112_pay_amt q113_pay_amt q115_final_cash {
. *     svy: tab `v', percent
. *     tabout `v' using "$OUT_DIR/annex2_tables.xls", append svy oneway percent cells(cell) f(1)
. * }
. * }
. 
. *----- Table 2.30 - Percentage distribution of inpatient and outpatient respondents that
. *       use loan/mortgage to pay for medical costs, for most recent interaction -----
. * universe: inpatients+outpatients | breakdown: none stated | status: mapped
. * note: (checkbox multi) Loan/Mortgage=code 02 in both; amounts in Q98/Q113 rosters
. * CHECKBOX: split alpha multi-code field into dummies before tab:
. * gen byte q98_sources_XX = strpos(q98_sources, "XX") > 0  // one per code
. * gen byte q113_sources_XX = strpos(q113_sources, "XX") > 0  // one per code
. * capture noisily {
. * foreach v in q98_sources q113_sources {
. *     svy: tab `v', percent
. *     tabout `v' using "$OUT_DIR/annex2_tables.xls", append svy oneway percent cells(cell) f(1)
. * }
. * }
. 
. *----- Table 2.31 - Percentage distribution of inpatient and outpatient respondents that
. *       use sale of assets to pay for medical costs, for most recent interaction -----
. * universe: inpatients+outpatients | breakdown: none stated | status: partial
. * PARTIAL: (checkbox multi) Sale of Assets=Q98 code 07 (outpatient only); inpatient Q113
. *   has no asset-sale code
. * CHECKBOX: split alpha multi-code field into dummies before tab:
. * gen byte q98_sources_XX = strpos(q98_sources, "XX") > 0  // one per code
. * capture noisily svy: tab q98_sources, percent
. * capture noisily tabout q98_sources using "$OUT_DIR/annex2_tables.xls", append svy oneway percent cells(cell) f(1)
. 
. *----- Table 2.32 - Percentage distribution of inpatient and outpatient respondents that
. *       experience incidence of reduced care due to financial reasons among the population, for
. *       most recent interaction -----
. * universe: inpatients+outpatients | breakdown: none stated | status: partial
. * PARTIAL: no direct reduced-care item; proxies=Q130 reduced essential spending + Q90
. *   codes 02/03 (cost) for forgone admission
. * capture noisily {
. * foreach v in q130_reduced_spend q90_not_confined {
. *     svy: tab `v', percent
. *     tabout `v' using "$OUT_DIR/annex2_tables.xls", append svy oneway percent cells(cell) f(1)
. * }
. * }
. 
. *----- Table 2.33a - Health care expenditures of inpatient respondents by type of
. *       facility, for the most recent interaction, by province -----
. * universe: inpatients | breakdown: by facility type x province | status: partial
. * PARTIAL: (roster) sum inpatient expenditure rosters + 115.1/115.2 amounts; facility-
. *   type dim from sample frame, not an F3 item
. * ROSTER: this table reads the F3 pay/expenditure roster extract, a separate
. * long-format dataset (one row per bill line / pay source).
. * use "$DATA_DIR/f3_roster.dta", clear   // TODO - roster extract not in ETL yet
. * ... (tab/collapse the roster, then:  use "$DATA_DIR/f3.dta", clear )
. * f_type comes from the facility master-list join (see plan notes)
. * TODO extra breakdown dim(s) mapped but not in this two-way tab: province_huc (run as subpop or second pass)
. * stat_type 'summary': skeleton uses svy: mean over the component items; composite recipe TBD
. * capture noisily svy: mean q107_pay_amt q109_pay_amt q112_pay_amt q113_pay_amt q115_final_cash, over(f_type)
. * capture noisily tabout f_type using "$OUT_DIR/annex2_tables.xls", append svy sum cells(mean q107_pay_amt mean q109_p
> ay_amt mean q112_pay_amt mean q113_pay_amt mean q115_final_cash) f(2)
. 
. *----- Table 2.33b - Health care expenditures of outpatient respondents by type of
. *       facility, for the most recent interaction, by province -----
. * universe: outpatients | breakdown: by facility type x province | status: partial
. * PARTIAL: (roster) sum outpatient expenditure rosters; facility-type dim from sample
. *   frame, not an F3 item
. * ROSTER: this table reads the F3 pay/expenditure roster extract, a separate
. * long-format dataset (one row per bill line / pay source).
. * use "$DATA_DIR/f3_roster.dta", clear   // TODO - roster extract not in ETL yet
. * ... (tab/collapse the roster, then:  use "$DATA_DIR/f3.dta", clear )
. * f_type comes from the facility master-list join (see plan notes)
. * TODO extra breakdown dim(s) mapped but not in this two-way tab: province_huc (run as subpop or second pass)
. * stat_type 'summary': skeleton uses svy: mean over the component items; composite recipe TBD
. * capture noisily svy: mean q92_pay_amt q94_lab_amt q96_pay_amt q97_final_amount q971_pay_amt q972_pay_amt, over(f_typ
> e)
. * capture noisily tabout f_type using "$OUT_DIR/annex2_tables.xls", append svy sum cells(mean q92_pay_amt mean q94_lab
> _amt mean q96_pay_amt mean q97_final_amount mean q971_pay_amt mean q972_pay_amt) f(2)
. 
. *----- Table 2.34a - Average time (in minutes) of inpatient respondents to access
. *       nearest health facility for the latest visit, by province -----
. * universe: inpatients | breakdown: by province | status: mapped
. * note: F3 asks nearest primary care facility; convert HH+MM to minutes
. capture noisily svy: mean q72_nearest_travel_hh q72_nearest_travel_mm, over(province_huc)
(running mean on estimation sample)
variable q72_nearest_travel_hh not found

. capture noisily tabout province_huc using "$OUT_DIR/annex2_tables.xls", append svy sum cells(mean q72_nearest_travel_h
> h mean q72_nearest_travel_mm) f(2)
variable province_huc not found

. 
. *----- Table 2.34b - Average time (in minutes) of outpatient respondents to access
. *       nearest health facility for the latest visit, by province -----
. * universe: outpatients | breakdown: by province | status: mapped
. * note: F3 asks nearest primary care facility; convert HH+MM to minutes
. capture noisily svy: mean q72_nearest_travel_hh q72_nearest_travel_mm, over(province_huc)
(running mean on estimation sample)
variable q72_nearest_travel_hh not found

. capture noisily tabout province_huc using "$OUT_DIR/annex2_tables.xls", append svy sum cells(mean q72_nearest_travel_h
> h mean q72_nearest_travel_mm) f(2)
variable province_huc not found

. 
. *----- Table 2.35a - Average costs spent of inpatient respondents on going to the
. *       nearest health facility for the latest visit, by level of care -----
. * universe: inpatients | breakdown: by level of care | status: partial
. * PARTIAL: no transport-cost-to-nearest-facility item; proxy=visit transport spend
. *   115.2; level-of-care dim from frame
. * TODO breakdown dim(s) with no standard bygroup var yet: level of care
. * capture noisily svy: mean q1142_4_amt
. * no breakdown var: tabout sum needs a row variable - read the svy: mean results from the log
. 
. *----- Table 2.35b - Average costs spent of outpatient respondents on going to the
. *       nearest health facility for the latest visit, by level of care -----
. * universe: outpatients | breakdown: by level of care | status: partial
. * PARTIAL: (roster) no transport-cost-to-nearest-facility item; proxy=travel rows (code
. *   05) of Q97.2; level-of-care dim from frame
. * ROSTER: this table reads the F3 pay/expenditure roster extract, a separate
. * long-format dataset (one row per bill line / pay source).
. * use "$DATA_DIR/f3_roster.dta", clear   // TODO - roster extract not in ETL yet
. * ... (tab/collapse the roster, then:  use "$DATA_DIR/f3.dta", clear )
. * TODO breakdown dim(s) with no standard bygroup var yet: level of care
. * capture noisily svy: mean q972_pay_src q972_pay_amt
. * no breakdown var: tabout sum needs a row variable - read the svy: mean results from the log
. 
. *----- Table 2.36a - Percentage distribution of inpatient respondents that walk as mode
. *       of transportation used on going to the nearest health facility for the latest visit
. *       -----
. * universe: inpatients | breakdown: none stated | status: mapped
. * note: (checkbox multi) Walk=code 01 of ONE multi-select Q73; same source var for all
. *   of 2.36-2.46
. * CHECKBOX: split alpha multi-code field into dummies before tab:
. * gen byte q73_nearest_transport_XX = strpos(q73_nearest_transport, "XX") > 0  // one per code
. * capture noisily svy: tab q73_nearest_transport, percent
. * capture noisily tabout q73_nearest_transport using "$OUT_DIR/annex2_tables.xls", append svy oneway percent cells(cel
> l) f(1)
. 
. *----- Table 2.36b - Percentage distribution of outpatient respondents that walk as mode
. *       of transportation used on going to the nearest health facility for the latest visit
. *       -----
. * universe: outpatients | breakdown: none stated | status: mapped
. * note: (checkbox multi) Walk=code 01 of ONE multi-select Q73; same source var for all
. *   of 2.36-2.46
. * CHECKBOX: split alpha multi-code field into dummies before tab:
. * gen byte q73_nearest_transport_XX = strpos(q73_nearest_transport, "XX") > 0  // one per code
. * capture noisily svy: tab q73_nearest_transport, percent
. * capture noisily tabout q73_nearest_transport using "$OUT_DIR/annex2_tables.xls", append svy oneway percent cells(cel
> l) f(1)
. 
. *----- Table 2.37a - Percentage distribution of inpatient respondents that ride a bike
. *       as mode of transportation used on going to the nearest health facility for the latest
. *       visit -----
. * universe: inpatients | breakdown: none stated | status: mapped
. * note: (checkbox multi) Bike=code 02 of ONE multi-select Q73 (see 2.36)
. * CHECKBOX: split alpha multi-code field into dummies before tab:
. * gen byte q73_nearest_transport_XX = strpos(q73_nearest_transport, "XX") > 0  // one per code
. * capture noisily svy: tab q73_nearest_transport, percent
. * capture noisily tabout q73_nearest_transport using "$OUT_DIR/annex2_tables.xls", append svy oneway percent cells(cel
> l) f(1)
. 
. *----- Table 2.37b - Percentage distribution of outpatient respondents that ride a bike
. *       as mode of transportation used on going to the nearest health facility for the latest
. *       visit -----
. * universe: outpatients | breakdown: none stated | status: mapped
. * note: (checkbox multi) Bike=code 02 of ONE multi-select Q73 (see 2.36)
. * CHECKBOX: split alpha multi-code field into dummies before tab:
. * gen byte q73_nearest_transport_XX = strpos(q73_nearest_transport, "XX") > 0  // one per code
. * capture noisily svy: tab q73_nearest_transport, percent
. * capture noisily tabout q73_nearest_transport using "$OUT_DIR/annex2_tables.xls", append svy oneway percent cells(cel
> l) f(1)
. 
. *----- Table 2.38a - Percentage distribution of inpatient respondents that ride a public
. *       bus as mode of transportation used on going to the nearest health facility for the
. *       latest visit -----
. * universe: inpatients | breakdown: none stated | status: mapped
. * note: (checkbox multi) Public Bus=code 03 of ONE multi-select Q73 (see 2.36)
. * CHECKBOX: split alpha multi-code field into dummies before tab:
. * gen byte q73_nearest_transport_XX = strpos(q73_nearest_transport, "XX") > 0  // one per code
. * capture noisily svy: tab q73_nearest_transport, percent
. * capture noisily tabout q73_nearest_transport using "$OUT_DIR/annex2_tables.xls", append svy oneway percent cells(cel
> l) f(1)
. 
. *----- Table 2.38b - Percentage distribution of outpatient respondents that ride a
. *       public bus as mode of transportation used on going to the nearest health facility for
. *       the latest visit -----
. * universe: outpatients | breakdown: none stated | status: mapped
. * note: (checkbox multi) Public Bus=code 03 of ONE multi-select Q73 (see 2.36)
. * CHECKBOX: split alpha multi-code field into dummies before tab:
. * gen byte q73_nearest_transport_XX = strpos(q73_nearest_transport, "XX") > 0  // one per code
. * capture noisily svy: tab q73_nearest_transport, percent
. * capture noisily tabout q73_nearest_transport using "$OUT_DIR/annex2_tables.xls", append svy oneway percent cells(cel
> l) f(1)
. 
. *----- Table 2.39a - Percentage distribution of inpatient respondents that ride a
. *       jeepney as mode of transportation used on going to the nearest health facility for the
. *       latest visit -----
. * universe: inpatients | breakdown: none stated | status: mapped
. * note: (checkbox multi) Jeepney=code 04 of ONE multi-select Q73 (see 2.36)
. * CHECKBOX: split alpha multi-code field into dummies before tab:
. * gen byte q73_nearest_transport_XX = strpos(q73_nearest_transport, "XX") > 0  // one per code
. * capture noisily svy: tab q73_nearest_transport, percent
. * capture noisily tabout q73_nearest_transport using "$OUT_DIR/annex2_tables.xls", append svy oneway percent cells(cel
> l) f(1)
. 
. *----- Table 2.39b - Percentage distribution of outpatient respondents that ride a
. *       jeepney as mode of transportation used on going to the nearest health facility for the
. *       latest visit -----
. * universe: outpatients | breakdown: none stated | status: mapped
. * note: (checkbox multi) Jeepney=code 04 of ONE multi-select Q73 (see 2.36)
. * CHECKBOX: split alpha multi-code field into dummies before tab:
. * gen byte q73_nearest_transport_XX = strpos(q73_nearest_transport, "XX") > 0  // one per code
. * capture noisily svy: tab q73_nearest_transport, percent
. * capture noisily tabout q73_nearest_transport using "$OUT_DIR/annex2_tables.xls", append svy oneway percent cells(cel
> l) f(1)
. 
. *----- Table 2.40a - Percentage distribution of inpatient respondents that ride a
. *       tricycle as mode of transportation used on going to the nearest health facility for the
. *       latest visit -----
. * universe: inpatients | breakdown: none stated | status: mapped
. * note: (checkbox multi) Tricycle=code 05 of ONE multi-select Q73 (see 2.36)
. * CHECKBOX: split alpha multi-code field into dummies before tab:
. * gen byte q73_nearest_transport_XX = strpos(q73_nearest_transport, "XX") > 0  // one per code
. * capture noisily svy: tab q73_nearest_transport, percent
. * capture noisily tabout q73_nearest_transport using "$OUT_DIR/annex2_tables.xls", append svy oneway percent cells(cel
> l) f(1)
. 
. *----- Table 2.40b - Percentage distribution of outpatient respondents that ride a
. *       tricycle as mode of transportation used on going to the nearest health facility for the
. *       latest visit -----
. * universe: outpatients | breakdown: none stated | status: mapped
. * note: (checkbox multi) Tricycle=code 05 of ONE multi-select Q73 (see 2.36)
. * CHECKBOX: split alpha multi-code field into dummies before tab:
. * gen byte q73_nearest_transport_XX = strpos(q73_nearest_transport, "XX") > 0  // one per code
. * capture noisily svy: tab q73_nearest_transport, percent
. * capture noisily tabout q73_nearest_transport using "$OUT_DIR/annex2_tables.xls", append svy oneway percent cells(cel
> l) f(1)
. 
. *----- Table 2.41a - Percentage distribution of inpatient respondents that ride a car as
. *       mode of transportation used on going to the nearest health facility for the latest visit
. *       -----
. * universe: inpatients | breakdown: none stated | status: mapped
. * note: (checkbox multi) Car incl. private taxi=code 06 of ONE multi-select Q73 (see
. *   2.36)
. * CHECKBOX: split alpha multi-code field into dummies before tab:
. * gen byte q73_nearest_transport_XX = strpos(q73_nearest_transport, "XX") > 0  // one per code
. * capture noisily svy: tab q73_nearest_transport, percent
. * capture noisily tabout q73_nearest_transport using "$OUT_DIR/annex2_tables.xls", append svy oneway percent cells(cel
> l) f(1)
. 
. *----- Table 2.41b - Percentage distribution of outpatient respondents that ride a car
. *       as mode of transportation used on going to the nearest health facility for the latest
. *       visit -----
. * universe: outpatients | breakdown: none stated | status: mapped
. * note: (checkbox multi) Car incl. private taxi=code 06 of ONE multi-select Q73 (see
. *   2.36)
. * CHECKBOX: split alpha multi-code field into dummies before tab:
. * gen byte q73_nearest_transport_XX = strpos(q73_nearest_transport, "XX") > 0  // one per code
. * capture noisily svy: tab q73_nearest_transport, percent
. * capture noisily tabout q73_nearest_transport using "$OUT_DIR/annex2_tables.xls", append svy oneway percent cells(cel
> l) f(1)
. 
. *----- Table 2.42a - Percentage distribution of inpatient respondents that ride a
. *       motorcycle as mode of transportation used on going to the nearest health facility for
. *       the latest visit -----
. * universe: inpatients | breakdown: none stated | status: mapped
. * note: (checkbox multi) Motorcycle=code 07 of ONE multi-select Q73 (see 2.36)
. * CHECKBOX: split alpha multi-code field into dummies before tab:
. * gen byte q73_nearest_transport_XX = strpos(q73_nearest_transport, "XX") > 0  // one per code
. * capture noisily svy: tab q73_nearest_transport, percent
. * capture noisily tabout q73_nearest_transport using "$OUT_DIR/annex2_tables.xls", append svy oneway percent cells(cel
> l) f(1)
. 
. *----- Table 2.42b - Percentage distribution of outpatient respondents that ride a
. *       motorcycle as mode of transportation used on going to the nearest health facility for
. *       the latest visit -----
. * universe: outpatients | breakdown: none stated | status: mapped
. * note: (checkbox multi) Motorcycle=code 07 of ONE multi-select Q73 (see 2.36)
. * CHECKBOX: split alpha multi-code field into dummies before tab:
. * gen byte q73_nearest_transport_XX = strpos(q73_nearest_transport, "XX") > 0  // one per code
. * capture noisily svy: tab q73_nearest_transport, percent
. * capture noisily tabout q73_nearest_transport using "$OUT_DIR/annex2_tables.xls", append svy oneway percent cells(cel
> l) f(1)
. 
. *----- Table 2.43a - Percentage distribution of inpatient respondents that ride a boat
. *       as mode of transportation used on going to the nearest health facility for the latest
. *       visit -----
. * universe: inpatients | breakdown: none stated | status: mapped
. * note: (checkbox multi) Boat=code 08 of ONE multi-select Q73 (see 2.36)
. * CHECKBOX: split alpha multi-code field into dummies before tab:
. * gen byte q73_nearest_transport_XX = strpos(q73_nearest_transport, "XX") > 0  // one per code
. * capture noisily svy: tab q73_nearest_transport, percent
. * capture noisily tabout q73_nearest_transport using "$OUT_DIR/annex2_tables.xls", append svy oneway percent cells(cel
> l) f(1)
. 
. *----- Table 2.43b - Percentage distribution of outpatient respondents that ride a boat
. *       as mode of transportation used on going to the nearest health facility for the latest
. *       visit -----
. * universe: outpatients | breakdown: none stated | status: mapped
. * note: (checkbox multi) Boat=code 08 of ONE multi-select Q73 (see 2.36)
. * CHECKBOX: split alpha multi-code field into dummies before tab:
. * gen byte q73_nearest_transport_XX = strpos(q73_nearest_transport, "XX") > 0  // one per code
. * capture noisily svy: tab q73_nearest_transport, percent
. * capture noisily tabout q73_nearest_transport using "$OUT_DIR/annex2_tables.xls", append svy oneway percent cells(cel
> l) f(1)
. 
. *----- Table 2.44a - Percentage distribution of inpatient respondents that ride a taxi
. *       as mode of transportation used on going to the nearest health facility for the latest
. *       visit -----
. * universe: inpatients | breakdown: none stated | status: mapped
. * note: (checkbox multi) Taxi=code 09 of ONE multi-select Q73 (see 2.36)
. * CHECKBOX: split alpha multi-code field into dummies before tab:
. * gen byte q73_nearest_transport_XX = strpos(q73_nearest_transport, "XX") > 0  // one per code
. * capture noisily svy: tab q73_nearest_transport, percent
. * capture noisily tabout q73_nearest_transport using "$OUT_DIR/annex2_tables.xls", append svy oneway percent cells(cel
> l) f(1)
. 
. *----- Table 2.44b - Percentage distribution of outpatient respondents that ride a taxi
. *       as mode of transportation used on going to the nearest health facility for the latest
. *       visit -----
. * universe: outpatients | breakdown: none stated | status: mapped
. * note: (checkbox multi) Taxi=code 09 of ONE multi-select Q73 (see 2.36)
. * CHECKBOX: split alpha multi-code field into dummies before tab:
. * gen byte q73_nearest_transport_XX = strpos(q73_nearest_transport, "XX") > 0  // one per code
. * capture noisily svy: tab q73_nearest_transport, percent
. * capture noisily tabout q73_nearest_transport using "$OUT_DIR/annex2_tables.xls", append svy oneway percent cells(cel
> l) f(1)
. 
. *----- Table 2.45a - Percentage distribution of inpatient respondents that ride a
. *       pedicab as mode of transportation used on going to the nearest health facility for the
. *       latest visit -----
. * universe: inpatients | breakdown: none stated | status: mapped
. * note: (checkbox multi) Pedicab=code 10 of ONE multi-select Q73 (see 2.36)
. * CHECKBOX: split alpha multi-code field into dummies before tab:
. * gen byte q73_nearest_transport_XX = strpos(q73_nearest_transport, "XX") > 0  // one per code
. * capture noisily svy: tab q73_nearest_transport, percent
. * capture noisily tabout q73_nearest_transport using "$OUT_DIR/annex2_tables.xls", append svy oneway percent cells(cel
> l) f(1)
. 
. *----- Table 2.45b - Percentage distribution of outpatient respondents that ride a
. *       pedicab as mode of transportation used on going to the nearest health facility for the
. *       latest visit -----
. * universe: outpatients | breakdown: none stated | status: mapped
. * note: (checkbox multi) Pedicab=code 10 of ONE multi-select Q73 (see 2.36)
. * CHECKBOX: split alpha multi-code field into dummies before tab:
. * gen byte q73_nearest_transport_XX = strpos(q73_nearest_transport, "XX") > 0  // one per code
. * capture noisily svy: tab q73_nearest_transport, percent
. * capture noisily tabout q73_nearest_transport using "$OUT_DIR/annex2_tables.xls", append svy oneway percent cells(cel
> l) f(1)
. 
. *----- Table 2.46a - Percentage distribution of inpatient respondents that ride an
. *       E-bike as mode of transportation used on going to the nearest health facility for the
. *       latest visit -----
. * universe: inpatients | breakdown: none stated | status: mapped
. * note: (checkbox multi) E-bike=code 11 of ONE multi-select Q73 (see 2.36)
. * CHECKBOX: split alpha multi-code field into dummies before tab:
. * gen byte q73_nearest_transport_XX = strpos(q73_nearest_transport, "XX") > 0  // one per code
. * capture noisily svy: tab q73_nearest_transport, percent
. * capture noisily tabout q73_nearest_transport using "$OUT_DIR/annex2_tables.xls", append svy oneway percent cells(cel
> l) f(1)
. 
. *----- Table 2.46b - Percentage distribution of outpatient respondents that ride an
. *       E-bike as mode of transportation used on going to the nearest health facility for the
. *       latest visit -----
. * universe: outpatients | breakdown: none stated | status: mapped
. * note: (checkbox multi) E-bike=code 11 of ONE multi-select Q73 (see 2.36)
. * CHECKBOX: split alpha multi-code field into dummies before tab:
. * gen byte q73_nearest_transport_XX = strpos(q73_nearest_transport, "XX") > 0  // one per code
. * capture noisily svy: tab q73_nearest_transport, percent
. * capture noisily tabout q73_nearest_transport using "$OUT_DIR/annex2_tables.xls", append svy oneway percent cells(cel
> l) f(1)
. 
. *----- Table 2.47a - Responsiveness score summary for inpatient respondents -----
. * universe: inpatients | breakdown: none stated | status: partial
. * PARTIAL: derived indicator (responsiveness score) from Section J items; Q134
. *   rooms=inpatient only
. * DERIVED: derived indicator (responsiveness score) from Section J items; Q134
. *   rooms=inpatient only
. * gen <derived_var> = ...   // TODO derive per recipe above, then tab it
. * stat_type 'score': skeleton uses svy: mean over the component items; composite recipe TBD
. * capture noisily svy: mean q131_amen_waiting q132_amen_bathrooms q133_amen_consult_rooms q134_amen_rooms q135_sat_ove
> rall_time q136_staff_courtesy q137_staff_listen q138_staff_explain q139_staff_decide q140_staff_consent q141_confident
> iality q142_privacy
. * no breakdown var: tabout sum needs a row variable - read the svy: mean results from the log
. 
. *----- Table 2.47b - Responsiveness score summary for outpatient respondents -----
. * universe: outpatients | breakdown: none stated | status: partial
. * PARTIAL: derived indicator (responsiveness score) from Section J items; Q134 rooms
. *   excluded for outpatients
. * DERIVED: derived indicator (responsiveness score) from Section J items; Q134 rooms
. *   excluded for outpatients
. * gen <derived_var> = ...   // TODO derive per recipe above, then tab it
. * stat_type 'score': skeleton uses svy: mean over the component items; composite recipe TBD
. * capture noisily svy: mean q131_amen_waiting q132_amen_bathrooms q133_amen_consult_rooms q135_sat_overall_time q136_s
> taff_courtesy q137_staff_listen q138_staff_explain q139_staff_decide q140_staff_consent q141_confidentiality q142_priv
> acy
. * no breakdown var: tabout sum needs a row variable - read the svy: mean results from the log
. 
. *----- Table 2.48a - Respect for Persons Domains: Dignity, Autonomy, Confidentiality for
. *       inpatient respondents -----
. * universe: inpatients | breakdown: none stated | status: partial
. * PARTIAL: derived indicator: dignity=Q136/Q142, autonomy=Q139/Q140,
. *   confidentiality=Q141
. * DERIVED: derived indicator: dignity=Q136/Q142, autonomy=Q139/Q140,
. *   confidentiality=Q141
. * gen <derived_var> = ...   // TODO derive per recipe above, then tab it
. * stat_type 'score': skeleton uses svy: mean over the component items; composite recipe TBD
. * capture noisily svy: mean q136_staff_courtesy q139_staff_decide q140_staff_consent q141_confidentiality q142_privacy
. * no breakdown var: tabout sum needs a row variable - read the svy: mean results from the log
. 
. *----- Table 2.48b - Respect for Persons Domains: Dignity, Autonomy, Confidentiality for
. *       outpatient respondents -----
. * universe: outpatients | breakdown: none stated | status: partial
. * PARTIAL: derived indicator: dignity=Q136/Q142, autonomy=Q139/Q140,
. *   confidentiality=Q141
. * DERIVED: derived indicator: dignity=Q136/Q142, autonomy=Q139/Q140,
. *   confidentiality=Q141
. * gen <derived_var> = ...   // TODO derive per recipe above, then tab it
. * stat_type 'score': skeleton uses svy: mean over the component items; composite recipe TBD
. * capture noisily svy: mean q136_staff_courtesy q139_staff_decide q140_staff_consent q141_confidentiality q142_privacy
. * no breakdown var: tabout sum needs a row variable - read the svy: mean results from the log
. 
. *----- Table 2.49a - Respect for Persons Domains: Dignity, Autonomy, Confidentiality for
. *       inpatient respondents -----
. * universe: inpatients | breakdown: none stated | status: partial
. * PARTIAL: duplicate description as printed (same as Table 2.48a) | as printed,
. *   duplicates 2.48; derived indicator (see 2.48)
. * DERIVED: duplicate description as printed (same as Table 2.48a) | as printed,
. *   duplicates 2.48; derived indicator (see 2.48)
. * gen <derived_var> = ...   // TODO derive per recipe above, then tab it
. * stat_type 'score': skeleton uses svy: mean over the component items; composite recipe TBD
. * capture noisily svy: mean q136_staff_courtesy q139_staff_decide q140_staff_consent q141_confidentiality q142_privacy
. * no breakdown var: tabout sum needs a row variable - read the svy: mean results from the log
. 
. *----- Table 2.49b - Respect for Persons Domains: Dignity, Autonomy, Confidentiality for
. *       outpatient respondents -----
. * universe: outpatients | breakdown: none stated | status: partial
. * PARTIAL: duplicate description as printed (same as Table 2.48b) | as printed,
. *   duplicates 2.48; derived indicator (see 2.48)
. * DERIVED: duplicate description as printed (same as Table 2.48b) | as printed,
. *   duplicates 2.48; derived indicator (see 2.48)
. * gen <derived_var> = ...   // TODO derive per recipe above, then tab it
. * stat_type 'score': skeleton uses svy: mean over the component items; composite recipe TBD
. * capture noisily svy: mean q136_staff_courtesy q139_staff_decide q140_staff_consent q141_confidentiality q142_privacy
. * no breakdown var: tabout sum needs a row variable - read the svy: mean results from the log
. 
. *----- Table 2.50a - Overall inpatient experience score across levels of facility,
. *       socioeconomic status, place of residence, and sex, for their most recent encounter -----
. * universe: inpatients | breakdown: by facility level x SES x residence x sex | status: partial
. * PARTIAL: derived indicator (experience score) from Section J; dims: SES=Q29_SEC_CLASS,
. *   sex=Q7_SEX, residence=P_* geo, facility level=frame
. * DERIVED: derived indicator (experience score) from Section J; dims: SES=Q29_SEC_CLASS,
. *   sex=Q7_SEX, residence=P_* geo, facility level=frame
. * gen <derived_var> = ...   // TODO derive per recipe above, then tab it
. * f_type comes from the facility master-list join (see plan notes)
. * TODO breakdown dim(s) with no standard bygroup var yet: SES; residence; sex
. * stat_type 'score': skeleton uses svy: mean over the component items; composite recipe TBD
. * capture noisily svy: mean q135_sat_overall_time q136_staff_courtesy q137_staff_listen q138_staff_explain q139_staff_
> decide q140_staff_consent q141_confidentiality q142_privacy q143_recommend q144_quality, over(f_type)
. * capture noisily tabout f_type using "$OUT_DIR/annex2_tables.xls", append svy sum cells(mean q135_sat_overall_time me
> an q136_staff_courtesy mean q137_staff_listen mean q138_staff_explain mean q139_staff_decide mean q140_staff_consent m
> ean q141_confidentiality mean q142_privacy mean q143_recommend mean q144_quality) f(2)
. 
. *----- Table 2.50b - Overall outpatient experience score across levels of facility,
. *       socioeconomic status, place of residence, and sex, for their most recent encounter -----
. * universe: outpatients | breakdown: by facility level x SES x residence x sex | status: partial
. * PARTIAL: derived indicator (experience score) from Section J; dims: SES=Q29_SEC_CLASS,
. *   sex=Q7_SEX, residence=P_* geo, facility level=frame
. * DERIVED: derived indicator (experience score) from Section J; dims: SES=Q29_SEC_CLASS,
. *   sex=Q7_SEX, residence=P_* geo, facility level=frame
. * gen <derived_var> = ...   // TODO derive per recipe above, then tab it
. * f_type comes from the facility master-list join (see plan notes)
. * TODO breakdown dim(s) with no standard bygroup var yet: SES; residence; sex
. * stat_type 'score': skeleton uses svy: mean over the component items; composite recipe TBD
. * capture noisily svy: mean q135_sat_overall_time q136_staff_courtesy q137_staff_listen q138_staff_explain q139_staff_
> decide q140_staff_consent q141_confidentiality q142_privacy q143_recommend q144_quality, over(f_type)
. * capture noisily tabout f_type using "$OUT_DIR/annex2_tables.xls", append svy sum cells(mean q135_sat_overall_time me
> an q136_staff_courtesy mean q137_staff_listen mean q138_staff_explain mean q139_staff_decide mean q140_staff_consent m
> ean q141_confidentiality mean q142_privacy mean q143_recommend mean q144_quality) f(2)
. 
. *----- Table 2.51 - Average out-of-pocket payments on rooms of inpatient and outpatient
. *       respondents -----
. * universe: inpatients+outpatients | breakdown: none stated | status: gap
. * GAP - no source in instrument: no room/board OOP item on F3; 115.1/97.1 bill
. *   itemizations lack rooms; bill rosters are by pay source not line item
. 
. *----- Table 2.52 - Average out-of-pocket payments on consultation of inpatient and
. *       outpatient respondents -----
. * universe: inpatients+outpatients | breakdown: none stated | status: partial
. * PARTIAL: (roster) OPD direct=OOP rows of Q92 roster; inpatient proxy=115.1 doctor's PF
. *   amount
. * ROSTER: this table reads the F3 pay/expenditure roster extract, a separate
. * long-format dataset (one row per bill line / pay source).
. * use "$DATA_DIR/f3_roster.dta", clear   // TODO - roster extract not in ETL yet
. * ... (tab/collapse the roster, then:  use "$DATA_DIR/f3.dta", clear )
. * capture noisily svy: mean q92_pay_src q92_pay_amt q1141_1_amt
. * no breakdown var: tabout sum needs a row variable - read the svy: mean results from the log
. 
. *----- Table 2.53 - Average out-of-pocket payments on laboratory tests of inpatient and
. *       outpatient respondents -----
. * universe: inpatients+outpatients | breakdown: none stated | status: mapped
. * note: (roster) OPD per-test Q94; IPD=115.1 diagnostics + outside-services Q112 OOP
. *   rows
. * ROSTER: this table reads the F3 pay/expenditure roster extract, a separate
. * long-format dataset (one row per bill line / pay source).
. * use "$DATA_DIR/f3_roster.dta", clear   // TODO - roster extract not in ETL yet
. * ... (tab/collapse the roster, then:  use "$DATA_DIR/f3.dta", clear )
. * capture noisily svy: mean q94_lab_pay q94_lab_amt q1141_4_amt q112_pay_amt
. * no breakdown var: tabout sum needs a row variable - read the svy: mean results from the log
. 
. *----- Table 2.54 - Average out-of-pocket payments on prescribed medicines of inpatient
. *       and outpatient respondents -----
. * universe: inpatients+outpatients | breakdown: none stated | status: mapped
. * note: (roster) OPD Q96; IPD outside-meds Q109 + 115.1 in-bill medicines; OOP rows only
. * ROSTER: this table reads the F3 pay/expenditure roster extract, a separate
. * long-format dataset (one row per bill line / pay source).
. * use "$DATA_DIR/f3_roster.dta", clear   // TODO - roster extract not in ETL yet
. * ... (tab/collapse the roster, then:  use "$DATA_DIR/f3.dta", clear )
. * capture noisily svy: mean q96_pay_src q96_pay_amt q109_pay_src q109_pay_amt q1141_5_amt
. * no breakdown var: tabout sum needs a row variable - read the svy: mean results from the log
. 
. *----- Table 2.55 - Percentage distribution of inpatient and outpatient respondents who
. *       have heard about ZBB -----
. * universe: inpatients+outpatients | breakdown: none stated | status: mapped
. * note: split via PATIENT_TYPE (see 2.1)
. capture noisily svy: tab q119_zbb_heard, percent
variable q119_zbb_heard not found

. capture noisily tabout q119_zbb_heard using "$OUT_DIR/annex2_tables.xls", append svy oneway percent cells(cell) f(1)
variable q119_zbb_heard not found

. 
. *----- Table 2.56a - Percentage distribution of inpatient respondents' top information
. *       sources about ZBB -----
. * universe: inpatients | breakdown: none stated | status: mapped
. * note: (checkbox multi)
. * CHECKBOX: split alpha multi-code field into dummies before tab:
. * gen byte q120_zbb_source_XX = strpos(q120_zbb_source, "XX") > 0  // one per code
. * capture noisily svy: tab q120_zbb_source, percent
. * capture noisily tabout q120_zbb_source using "$OUT_DIR/annex2_tables.xls", append svy oneway percent cells(cell) f(1
> )
. 
. *----- Table 2.56b - Percentage distribution of outpatient respondents' top information
. *       sources about ZBB -----
. * universe: outpatients | breakdown: none stated | status: mapped
. * note: (checkbox multi)
. * CHECKBOX: split alpha multi-code field into dummies before tab:
. * gen byte q120_zbb_source_XX = strpos(q120_zbb_source, "XX") > 0  // one per code
. * capture noisily svy: tab q120_zbb_source, percent
. * capture noisily tabout q120_zbb_source using "$OUT_DIR/annex2_tables.xls", append svy oneway percent cells(cell) f(1
> )
. 
. *----- Table 2.57a - Percentage distribution of inpatient respondents who can correctly
. *       identify the benefits under ZBB -----
. * universe: inpatients | breakdown: none stated | status: mapped
. * note: (checkbox multi) correctness scored from codes
. * CHECKBOX: split alpha multi-code field into dummies before tab:
. * gen byte q121_zbb_understand_XX = strpos(q121_zbb_understand, "XX") > 0  // one per code
. * capture noisily svy: tab q121_zbb_understand, percent
. * capture noisily tabout q121_zbb_understand using "$OUT_DIR/annex2_tables.xls", append svy oneway percent cells(cell)
>  f(1)
. 
. *----- Table 2.57b - Percentage distribution of outpatient respondents who can correctly
. *       identify the benefits under ZBB -----
. * universe: outpatients | breakdown: none stated | status: mapped
. * note: (checkbox multi) correctness scored from codes
. * CHECKBOX: split alpha multi-code field into dummies before tab:
. * gen byte q121_zbb_understand_XX = strpos(q121_zbb_understand, "XX") > 0  // one per code
. * capture noisily svy: tab q121_zbb_understand, percent
. * capture noisily tabout q121_zbb_understand using "$OUT_DIR/annex2_tables.xls", append svy oneway percent cells(cell)
>  f(1)
. 
. *----- Table 2.58 - Percentage distribution of inpatient and outpatient respondents who
. *       have heard about BUCAS -----
. * universe: inpatients+outpatients | breakdown: none stated | status: mapped
. * note: asked only where AREA_HAS_BUCAS=1; split via PATIENT_TYPE (see 2.1)
. capture noisily svy: tab q99_bucas_heard, percent
variable q99_bucas_heard not found

. capture noisily tabout q99_bucas_heard using "$OUT_DIR/annex2_tables.xls", append svy oneway percent cells(cell) f(1)
variable q99_bucas_heard not found

. 
. *----- Table 2.59a - Percentage distribution of inpatient respondents' top information
. *       sources about BUCAS -----
. * universe: inpatients | breakdown: none stated | status: mapped
. * note: (checkbox multi)
. * CHECKBOX: split alpha multi-code field into dummies before tab:
. * gen byte q100_bucas_source_XX = strpos(q100_bucas_source, "XX") > 0  // one per code
. * capture noisily svy: tab q100_bucas_source, percent
. * capture noisily tabout q100_bucas_source using "$OUT_DIR/annex2_tables.xls", append svy oneway percent cells(cell) f
> (1)
. 
. *----- Table 2.59b - Percentage distribution of outpatient respondents' top information
. *       sources about BUCAS -----
. * universe: outpatients | breakdown: none stated | status: mapped
. * note: (checkbox multi)
. * CHECKBOX: split alpha multi-code field into dummies before tab:
. * gen byte q100_bucas_source_XX = strpos(q100_bucas_source, "XX") > 0  // one per code
. * capture noisily svy: tab q100_bucas_source, percent
. * capture noisily tabout q100_bucas_source using "$OUT_DIR/annex2_tables.xls", append svy oneway percent cells(cell) f
> (1)
. 
. *----- Table 2.60a - Percentage distribution of inpatient respondents who can identify
. *       the benefits under BUCAS -----
. * universe: inpatients | breakdown: none stated | status: mapped
. * note: (checkbox multi) benefit identification scored from codes
. * CHECKBOX: split alpha multi-code field into dummies before tab:
. * gen byte q101_bucas_understand_XX = strpos(q101_bucas_understand, "XX") > 0  // one per code
. * capture noisily svy: tab q101_bucas_understand, percent
. * capture noisily tabout q101_bucas_understand using "$OUT_DIR/annex2_tables.xls", append svy oneway percent cells(cel
> l) f(1)
. 
. *----- Table 2.60b - Percentage distribution of outpatient respondents who can identify
. *       the benefits under BUCAS -----
. * universe: outpatients | breakdown: none stated | status: mapped
. * note: (checkbox multi) benefit identification scored from codes
. * CHECKBOX: split alpha multi-code field into dummies before tab:
. * gen byte q101_bucas_understand_XX = strpos(q101_bucas_understand, "XX") > 0  // one per code
. * capture noisily svy: tab q101_bucas_understand, percent
. * capture noisily tabout q101_bucas_understand using "$OUT_DIR/annex2_tables.xls", append svy oneway percent cells(cel
> l) f(1)
. 
. *----- Table 2.61a - Percentage distribution of inpatient respondents' most commonly
. *       accessed services in BUCAS -----
. * universe: inpatients | breakdown: none stated | status: mapped
. * note: (checkbox multi) universe filter Q102=Yes
. * CHECKBOX: split alpha multi-code field into dummies before tab:
. * gen byte q103_bucas_services_XX = strpos(q103_bucas_services, "XX") > 0  // one per code
. * gen byte q102_bucas_accessed_XX = strpos(q102_bucas_accessed, "XX") > 0  // one per code
. * capture noisily {
. * foreach v in q103_bucas_services q102_bucas_accessed {
. *     svy: tab `v', percent
. *     tabout `v' using "$OUT_DIR/annex2_tables.xls", append svy oneway percent cells(cell) f(1)
. * }
. * }
. 
. *----- Table 2.61b - Percentage distribution of outpatient respondents' most commonly
. *       accessed services in BUCAS -----
. * universe: outpatients | breakdown: none stated | status: mapped
. * note: (checkbox multi) universe filter Q102=Yes
. * CHECKBOX: split alpha multi-code field into dummies before tab:
. * gen byte q103_bucas_services_XX = strpos(q103_bucas_services, "XX") > 0  // one per code
. * gen byte q102_bucas_accessed_XX = strpos(q102_bucas_accessed, "XX") > 0  // one per code
. * capture noisily {
. * foreach v in q103_bucas_services q102_bucas_accessed {
. *     svy: tab `v', percent
. *     tabout `v' using "$OUT_DIR/annex2_tables.xls", append svy oneway percent cells(cell) f(1)
. * }
. * }
. 
. *----- Table 2.62 - Percentage distribution of inpatient and outpatient respondents who
. *       have heard about GAMOT -----
. * universe: inpatients+outpatients | breakdown: none stated | status: mapped
. * note: asked only where AREA_HAS_GAMOT=1; split via PATIENT_TYPE (see 2.1)
. capture noisily svy: tab q152_gamot_heard, percent
variable q152_gamot_heard not found

. capture noisily tabout q152_gamot_heard using "$OUT_DIR/annex2_tables.xls", append svy oneway percent cells(cell) f(1)
variable q152_gamot_heard not found

. 
. *----- Table 2.63a - Percentage distribution of inpatient respondents' top information
. *       sources about GAMOT -----
. * universe: inpatients | breakdown: none stated | status: mapped
. * note: (checkbox multi)
. * CHECKBOX: split alpha multi-code field into dummies before tab:
. * gen byte q153_gamot_source_XX = strpos(q153_gamot_source, "XX") > 0  // one per code
. * capture noisily svy: tab q153_gamot_source, percent
. * capture noisily tabout q153_gamot_source using "$OUT_DIR/annex2_tables.xls", append svy oneway percent cells(cell) f
> (1)
. 
. *----- Table 2.63b - Percentage distribution of outpatient respondents' top information
. *       sources about GAMOT -----
. * universe: outpatients | breakdown: none stated | status: mapped
. * note: (checkbox multi)
. * CHECKBOX: split alpha multi-code field into dummies before tab:
. * gen byte q153_gamot_source_XX = strpos(q153_gamot_source, "XX") > 0  // one per code
. * capture noisily svy: tab q153_gamot_source, percent
. * capture noisily tabout q153_gamot_source using "$OUT_DIR/annex2_tables.xls", append svy oneway percent cells(cell) f
> (1)
. 
. *----- Table 2.64a - Percentage distribution of inpatient respondents who can correctly
. *       identify the benefits under GAMOT -----
. * universe: inpatients | breakdown: none stated | status: mapped
. * note: (checkbox multi) correctness scored from codes
. * CHECKBOX: split alpha multi-code field into dummies before tab:
. * gen byte q154_gamot_understand_XX = strpos(q154_gamot_understand, "XX") > 0  // one per code
. * capture noisily svy: tab q154_gamot_understand, percent
. * capture noisily tabout q154_gamot_understand using "$OUT_DIR/annex2_tables.xls", append svy oneway percent cells(cel
> l) f(1)
. 
. *----- Table 2.64b - Percentage distribution of outpatient respondents who can correctly
. *       identify the benefits under GAMOT -----
. * universe: outpatients | breakdown: none stated | status: mapped
. * note: (checkbox multi) correctness scored from codes
. * CHECKBOX: split alpha multi-code field into dummies before tab:
. * gen byte q154_gamot_understand_XX = strpos(q154_gamot_understand, "XX") > 0  // one per code
. * capture noisily svy: tab q154_gamot_understand, percent
. * capture noisily tabout q154_gamot_understand using "$OUT_DIR/annex2_tables.xls", append svy oneway percent cells(cel
> l) f(1)
. 
. *----- Table 2.65 - Descriptive statistics of socio-demographic characteristics of the
. *       inpatient and outpatient respondents -----
. * universe: inpatients+outpatients | breakdown: none stated | status: mapped
. * note: Section B profile battery; add Q8_LGBTQIA/asset items Q22-Q28 as needed
. * stat_type 'descriptive stats': skeleton uses svy: mean over the component items; composite recipe TBD
. capture noisily svy: mean q6_age q7_sex q9_group q10_civil_status q11_pwd q15_education q16_employment q17_income_sour
> ce q18_income_bracket q19_hh_size q29_sec_class q30_ip q32_4ps
(running mean on estimation sample)
variable q6_age not found

. * no breakdown var: tabout sum needs a row variable - read the svy: mean results from the log
. 
. 
end of do-file

. do 30_annex3.do

. * 30_annex3.do - Annex 3 - F4 household survey table skeletons (Stata 12)
. * GENERATED by build_dofiles.py - do NOT hand-edit; edit the generator and re-run.
. version 12

. 
. capture erase "$OUT_DIR/annex3_tables.xls"

. use "$DATA_DIR/f4.dta", clear

. 
. *----- Table 3.1 - Percent of household respondents who have heard about UHC, by
. *       province -----
. * universe: households | breakdown: by province | status: mapped
. * note: 'By province' for all Annex-3 tables = PSGC geo block PROVINCE_HUC (codebook
. *   province_code); id-block PROVINCE_HUC_CODE equivalent
. capture noisily {
. foreach v in q51_uhc_heard province_huc {
  2.     svy: tab `v' province_huc, col percent
  3.     tabout `v' province_huc using "$OUT_DIR/annex3_tables.xls", append svy percent cells(col) f(1)
  4. }
variable q51_uhc_heard not found
r(111);
. }

. 
. *----- Table 3.2 - Percent distribution of source of information about UHC of household
. *       respondents, by province -----
. * universe: households | breakdown: by province | status: mapped
. * note: (checkbox multi)
. * CHECKBOX: split alpha multi-code field into dummies before tab:
. * gen byte q52_uhc_source_XX = strpos(q52_uhc_source, "XX") > 0  // one per code
. * gen byte q52_uhc_source_other_txt_XX = strpos(q52_uhc_source_other_txt, "XX") > 0  // one per code
. * capture noisily {
. * foreach v in q52_uhc_source q52_uhc_source_other_txt {
. *     svy: tab `v' province_huc, col percent
. *     tabout `v' province_huc using "$OUT_DIR/annex3_tables.xls", append svy percent cells(col) f(1)
. * }
. * }
. 
. *----- Table 3.3 - Percent distribution of household respondents who identify as
. *       registered to PhilHealth, by province -----
. * universe: households | breakdown: by province | status: mapped
. * note: Q45 is roster-level; use respondent's own roster row (ambiguous respondent vs
. *   all-member rate)
. capture noisily svy: tab q45_philhealth_reg province_huc, col percent
variable q45_philhealth_reg not found

. capture noisily tabout q45_philhealth_reg province_huc using "$OUT_DIR/annex3_tables.xls", append svy percent cells(co
> l) f(1)
variable q45_philhealth_reg not found

. 
. *----- Table 3.4 - Percentage distribution of household respondents that are
. *       unregistered who know where to seek assistance for the registration process, by province
. *       -----
. * universe: unregistered households | breakdown: by province | status: mapped
. * note: Unregistered universe = respondent roster row Q45=02 No; Q84_WHERE_ASSIST gives
. *   where
. capture noisily {
. foreach v in q83_knows_assist q45_philhealth_reg {
  2.     svy: tab `v' province_huc, col percent
  3.     tabout `v' province_huc using "$OUT_DIR/annex3_tables.xls", append svy percent cells(col) f(1)
  4. }
variable q83_knows_assist not found
r(111);
. }

. 
. *----- Table 3.5 - Percentage distribution of household respondents' source of
. *       information on PhilHealth registration, by province -----
. * universe: households | breakdown: by province | status: mapped
. * note: Single-select (numeric), not checkbox
. * CHECKBOX: split alpha multi-code field into dummies before tab:
. * gen byte q79_reg_source_XX = strpos(q79_reg_source, "XX") > 0  // one per code
. * gen byte q79_reg_source_other_txt_XX = strpos(q79_reg_source_other_txt, "XX") > 0  // one per code
. * capture noisily {
. * foreach v in q79_reg_source q79_reg_source_other_txt {
. *     svy: tab `v' province_huc, col percent
. *     tabout `v' province_huc using "$OUT_DIR/annex3_tables.xls", append svy percent cells(col) f(1)
. * }
. * }
. 
. *----- Table 3.6 - Percentage distribution of household respondents who can correctly
. *       list PhilHealth benefits under UHC reforms, by province -----
. * universe: households | breakdown: by province | status: mapped
. * DERIVED: (checkbox multi); 'correctly list' scoring derived at analysis vs codes 01-03
. * gen <derived_var> = ...   // TODO derive per recipe above, then tab it
. * CHECKBOX: split alpha multi-code field into dummies before tab:
. * gen byte q85_benefits_XX = strpos(q85_benefits, "XX") > 0  // one per code
. * gen byte q85_benefits_other_txt_XX = strpos(q85_benefits_other_txt, "XX") > 0  // one per code
. * capture noisily {
. * foreach v in q85_benefits q85_benefits_other_txt {
. *     svy: tab `v' province_huc, col percent
. *     tabout `v' province_huc using "$OUT_DIR/annex3_tables.xls", append svy percent cells(col) f(1)
. * }
. * }
. 
. *----- Table 3.7 - Percentage distribution of household respondents who have heard about
. *       YAKAP/Konsulta provider assignment under UHC, by province -----
. * universe: households | breakdown: by province | status: mapped
. * note: Q54 asks package awareness; 'provider assignment' wording not asked verbatim
. capture noisily svy: tab q54_yakap_heard province_huc, col percent
variable q54_yakap_heard not found

. capture noisily tabout q54_yakap_heard province_huc using "$OUT_DIR/annex3_tables.xls", append svy percent cells(col) 
> f(1)
variable q54_yakap_heard not found

. 
. *----- Table 3.8 - Percentage distribution of household respondents who can identify the
. *       benefits under the PhilHealth YAKAP/Konsulta package -----
. * universe: households | breakdown: none stated | status: mapped
. * DERIVED: (checkbox multi); correct-benefit scoring derived at analysis
. * gen <derived_var> = ...   // TODO derive per recipe above, then tab it
. * CHECKBOX: split alpha multi-code field into dummies before tab:
. * gen byte q56_yakap_understand_XX = strpos(q56_yakap_understand, "XX") > 0  // one per code
. * gen byte q56_yakap_understand_other_txt_XX = strpos(q56_yakap_understand_other_txt, "XX") > 0  // one per code
. * capture noisily {
. * foreach v in q56_yakap_understand q56_yakap_understand_other_txt {
. *     svy: tab `v', percent
. *     tabout `v' using "$OUT_DIR/annex3_tables.xls", append svy oneway percent cells(cell) f(1)
. * }
. * }
. 
. *----- Table 3.9 - Percentage distribution of household respondents' top challenges in
. *       registration to PhilHealth for those who have undergone the registration process
. *       (including those who did not register successfully) in the past year, by province -----
. * universe: households who have undergone the registration process | breakdown: by province |
. *   status: partial
. * PARTIAL: (checkbox multi); no 'underwent registration in past yr incl unsuccessful'
. *   flag; approx universe via Q45_1_PIN_REG_WHEN
. * CHECKBOX: split alpha multi-code field into dummies before tab:
. * gen byte q81_reg_difficulty_XX = strpos(q81_reg_difficulty, "XX") > 0  // one per code
. * gen byte q82_difficulty_reasons_XX = strpos(q82_difficulty_reasons, "XX") > 0  // one per code
. * gen byte q82_difficulty_reasons_other_txt_XX = strpos(q82_difficulty_reasons_other_txt, "XX") > 0  // one per code
. * capture noisily {
. * foreach v in q81_reg_difficulty q82_difficulty_reasons q82_difficulty_reasons_other_txt {
. *     svy: tab `v' province_huc, col percent
. *     tabout `v' province_huc using "$OUT_DIR/annex3_tables.xls", append svy percent cells(col) f(1)
. * }
. * }
. 
. *----- Table 3.10 - Percent distribution of household respondents by type of PhilHealth
. *       membership who self-report to have struggled to pay premiums in the past year, by
. *       province -----
. * universe: household PhilHealth members | breakdown: by PhilHealth membership type x province |
. *   status: mapped
. * note: Membership type Q46 is roster-level (respondent row); Q86 premium-pay gate; Q88
. *   reasons
. * TODO breakdown dim(s) with no standard bygroup var yet: PhilHealth membership type
. capture noisily {
. foreach v in q87_premium_difficult q46_member_category {
  2.     svy: tab `v' province_huc, col percent
  3.     tabout `v' province_huc using "$OUT_DIR/annex3_tables.xls", append svy percent cells(col) f(1)
  4. }
variable q87_premium_difficult not found
r(111);
. }

. 
. *----- Table 3.11 - Percentage distribution of household respondents in HCPN that were
. *       referred from YAKAP/Konsulta provider or primary care provider, for most recent
. *       interaction, by province -----
. * universe: households in HCPN | breakdown: by province | status: partial
. * PARTIAL: No HCPN-membership flag; Q119 = referral from primary care facility, most
. *   recent visit; YAKAP-provider referral not distinguished
. * capture noisily {
. * foreach v in q108_referred q119_pcf_referral {
. *     svy: tab `v' province_huc, col percent
. *     tabout `v' province_huc using "$OUT_DIR/annex3_tables.xls", append svy percent cells(col) f(1)
. * }
. * }
. 
. *----- Table 3.12 - Percent distribution of household respondents that received
. *       assistance in making the appointment for that visit, by province -----
. * universe: households | breakdown: by province | status: mapped
. * note: Two paths: referral chain Q115 vs non-referral PCP chain Q123; Section K gated
. *   on Q108=Yes
. capture noisily {
. foreach v in q115_helped_appt q123_pcp_helped_appt {
  2.     svy: tab `v' province_huc, col percent
  3.     tabout `v' province_huc using "$OUT_DIR/annex3_tables.xls", append svy percent cells(col) f(1)
  4. }
variable q115_helped_appt not found
r(111);
. }

. 
. *----- Table 3.13 - Percent distribution of household respondents that received
. *       assistance by discussing with them the different places they could visit to address
. *       their health problem, by province -----
. * universe: households | breakdown: by province | status: mapped
. * note: Two paths: Q114 (referral) vs Q122 (PCP); Section K gated on Q108=Yes
. capture noisily {
. foreach v in q114_discussed_places q122_pcp_discussed_places {
  2.     svy: tab `v' province_huc, col percent
  3.     tabout `v' province_huc using "$OUT_DIR/annex3_tables.xls", append svy percent cells(col) f(1)
  4. }
variable q114_discussed_places not found
r(111);
. }

. 
. *----- Table 3.14 - Households' overall satisfaction rate with the referral system
. *       process for most recent interaction at the time of survey -----
. * universe: households | breakdown: none stated | status: mapped
. * note: Two 5-pt satisfaction items: referral path Q118, non-referral PCP path Q125
. capture noisily {
. foreach v in q118_sat_referral_process q125_sat_referral_exp {
  2.     svy: tab `v', percent
  3.     tabout `v' using "$OUT_DIR/annex3_tables.xls", append svy oneway percent cells(cell) f(1)
  4. }
variable q118_sat_referral_process not found
r(111);
. }

. 
. *----- Table 3.15 - Percentage distribution of household respondents who can correctly
. *       define a generic drug, by province -----
. * universe: households | breakdown: by province | status: partial
. * PARTIAL: Self-reported Y/N knowledge only; no scored 'define a generic drug' item to
. *   verify correctness
. * capture noisily svy: tab q75_brand_gen_knows province_huc, col percent
. * capture noisily tabout q75_brand_gen_knows province_huc using "$OUT_DIR/annex3_tables.xls", append svy percent cells
> (col) f(1)
. 
. *----- Table 3.16 - Percentage distribution of household respondents who chose a generic
. *       drug when buying medication, for last interaction, by province -----
. * universe: households | breakdown: by province | status: mapped
. * note: Scope = meds bought outside GAMOT pharmacy; code 3 = both branded and generic
. capture noisily svy: tab q76_brand_or_gen province_huc, col percent
variable q76_brand_or_gen not found

. capture noisily tabout q76_brand_or_gen province_huc using "$OUT_DIR/annex3_tables.xls", append svy percent cells(col)
>  f(1)
variable q76_brand_or_gen not found

. 
. *----- Table 3.17 - Percentage distribution of household respondents' reasons to
. *       purchase generic options (prescribed by doctor, cheaper, etc.) in the past 6 months, by
. *       province -----
. * universe: households | breakdown: by province | status: mapped
. * note: (checkbox multi)
. * CHECKBOX: split alpha multi-code field into dummies before tab:
. * gen byte q77_why_generic_XX = strpos(q77_why_generic, "XX") > 0  // one per code
. * gen byte q77_why_generic_other_txt_XX = strpos(q77_why_generic_other_txt, "XX") > 0  // one per code
. * capture noisily {
. * foreach v in q77_why_generic q77_why_generic_other_txt {
. *     svy: tab `v' province_huc, col percent
. *     tabout `v' province_huc using "$OUT_DIR/annex3_tables.xls", append svy percent cells(col) f(1)
. * }
. * }
. 
. *----- Table 3.18 - Percentage distribution of household respondents' reasons to
. *       purchase branded options (prescribed by doctor, cheaper, etc.) in the past 6 months, by
. *       province -----
. * universe: households | breakdown: by province | status: mapped
. * note: (checkbox multi)
. * CHECKBOX: split alpha multi-code field into dummies before tab:
. * gen byte q78_why_branded_XX = strpos(q78_why_branded, "XX") > 0  // one per code
. * gen byte q78_why_branded_other_txt_XX = strpos(q78_why_branded_other_txt, "XX") > 0  // one per code
. * capture noisily {
. * foreach v in q78_why_branded q78_why_branded_other_txt {
. *     svy: tab `v' province_huc, col percent
. *     tabout `v' province_huc using "$OUT_DIR/annex3_tables.xls", append svy percent cells(col) f(1)
. * }
. * }
. 
. *----- Table 3.19 - Percent distribution of household respondents that accessed
. *       medications for free or subsidized, in the last 6 months, by province -----
. * universe: households | breakdown: by province | status: partial
. * PARTIAL: No direct free/subsidized item; derive from Q72 (GAMOT free meds) + Q74 codes
. *   05-08 'received for free' (checkbox multi)
. * CHECKBOX: split alpha multi-code field into dummies before tab:
. * gen byte q72_gamot_obtained_XX = strpos(q72_gamot_obtained, "XX") > 0  // one per code
. * gen byte q74_where_rest_XX = strpos(q74_where_rest, "XX") > 0  // one per code
. * capture noisily {
. * foreach v in q72_gamot_obtained q74_where_rest {
. *     svy: tab `v' province_huc, col percent
. *     tabout `v' province_huc using "$OUT_DIR/annex3_tables.xls", append svy percent cells(col) f(1)
. * }
. * }
. 
. *----- Table 3.20 - Percent distribution of household respondents' top sources of
. *       medicine subsidization (i.e., LGU, employer, etc.) in the past 6 months -----
. * universe: households | breakdown: none stated | status: partial
. * PARTIAL: Free-source codes cover PCP/LGU/public/private hospital only; no employer or
. *   dedicated subsidy-source item (checkbox multi)
. * CHECKBOX: split alpha multi-code field into dummies before tab:
. * gen byte q74_where_rest_XX = strpos(q74_where_rest, "XX") > 0  // one per code
. * gen byte q74_where_rest_other_txt_XX = strpos(q74_where_rest_other_txt, "XX") > 0  // one per code
. * capture noisily {
. * foreach v in q74_where_rest q74_where_rest_other_txt {
. *     svy: tab `v', percent
. *     tabout `v' using "$OUT_DIR/annex3_tables.xls", append svy oneway percent cells(cell) f(1)
. * }
. * }
. 
. *----- Table 3.21 - Percentage distribution of household respondents that have accessed
. *       alternate financial assistance program/s to help cover medical costs, for most recent
. *       interaction, out of all patients -----
. * universe: households (all patients) | breakdown: none stated | status: partial
. * PARTIAL: No direct assistance-program item; derive Q143 codes 06-08 (+04/05 coping);
. *   MAIFIP use not asked; all-patient base via Q103
. * capture noisily {
. * foreach v in q143_how_paid q103_care_type {
. *     svy: tab `v', percent
. *     tabout `v' using "$OUT_DIR/annex3_tables.xls", append svy oneway percent cells(cell) f(1)
. * }
. * }
. 
. *----- Table 3.22 - Percentage distribution of household respondents that have accessed
. *       alternate financial assistance program/s to help cover medical costs, for most recent
. *       interaction, out of billed patients -----
. * universe: households (billed patients) | breakdown: none stated | status: partial
. * PARTIAL: Same Q143 derivation as 3.21; billed universe derived via Q139>0/Q140;
. *   Q142=No skips Q143
. * DERIVED: Same Q143 derivation as 3.21; billed universe derived via Q139>0/Q140;
. *   Q142=No skips Q143
. * gen <derived_var> = ...   // TODO derive per recipe above, then tab it
. * capture noisily {
. * foreach v in q143_how_paid q139_final_amount_php q140_recall_breakdown {
. *     svy: tab `v', percent
. *     tabout `v' using "$OUT_DIR/annex3_tables.xls", append svy oneway percent cells(cell) f(1)
. * }
. * }
. 
. *----- Table 3.23 - Percentage distribution of household respondents that experience
. *       incidence of reduced care due to financial reasons, for most recent interaction -----
. * universe: households | breakdown: none stated | status: mapped
. * note: 'Reduced care' = P block: delayed care Q197 + not-fully-followed advice Q198
. *   (financial reasons); distinct from forgone 3.24/3.25
. capture noisily {
. foreach v in q197_delayed_care q198_not_followed {
  2.     svy: tab `v', percent
  3.     tabout `v' using "$OUT_DIR/annex3_tables.xls", append svy oneway percent cells(cell) f(1)
  4. }
variable q197_delayed_care not found
r(111);
. }

. 
. *----- Table 3.24 - Percentage distribution of household respondents that experience
. *       incidence of forgone care due to financial reasons, for most recent interaction -----
. * universe: households | breakdown: none stated | status: mapped
. * note: printed with identical description to Table 3.25 | Financial-reason filter via
. *   Q106 code 02 'too expensive'; Q196_FOREGONE gives type of care foregone
. capture noisily {
. foreach v in q105_forgone_care q106_forgone_why {
  2.     svy: tab `v', percent
  3.     tabout `v' using "$OUT_DIR/annex3_tables.xls", append svy oneway percent cells(cell) f(1)
  4. }
variable q105_forgone_care not found
r(111);
. }

. 
. *----- Table 3.25 - Percentage distribution of household respondents that experience
. *       incidence of forgone care due to financial reasons, for most recent interaction -----
. * universe: households | breakdown: none stated | status: mapped
. * note: printed with identical description to Table 3.24 | As printed, identical to 3.24
. *   - same source mapping
. capture noisily {
. foreach v in q105_forgone_care q106_forgone_why {
  2.     svy: tab `v', percent
  3.     tabout `v' using "$OUT_DIR/annex3_tables.xls", append svy oneway percent cells(cell) f(1)
  4. }
variable q105_forgone_care not found
r(111);
. }

. 
. *----- Table 3.26 - Percentage distribution of household respondents who have heard
. *       about ZBB -----
. * universe: households | breakdown: none stated | status: mapped
. capture noisily svy: tab q132_zbb_heard, percent
variable q132_zbb_heard not found

. capture noisily tabout q132_zbb_heard using "$OUT_DIR/annex3_tables.xls", append svy oneway percent cells(cell) f(1)
variable q132_zbb_heard not found

. 
. *----- Table 3.27 - Percentage distribution of household respondents' top information
. *       sources about ZBB -----
. * universe: households | breakdown: none stated | status: mapped
. * note: (checkbox multi); gated on Q132=Yes
. * CHECKBOX: split alpha multi-code field into dummies before tab:
. * gen byte q133_zbb_source_XX = strpos(q133_zbb_source, "XX") > 0  // one per code
. * gen byte q133_zbb_source_other_txt_XX = strpos(q133_zbb_source_other_txt, "XX") > 0  // one per code
. * capture noisily {
. * foreach v in q133_zbb_source q133_zbb_source_other_txt {
. *     svy: tab `v', percent
. *     tabout `v' using "$OUT_DIR/annex3_tables.xls", append svy oneway percent cells(cell) f(1)
. * }
. * }
. 
. *----- Table 3.28 - Percentage distribution of household respondents who can correctly
. *       identify the benefits under ZBB -----
. * universe: households | breakdown: none stated | status: mapped
. * DERIVED: (checkbox multi); correct-benefit scoring derived at analysis
. * gen <derived_var> = ...   // TODO derive per recipe above, then tab it
. * CHECKBOX: split alpha multi-code field into dummies before tab:
. * gen byte q134_zbb_understand_XX = strpos(q134_zbb_understand, "XX") > 0  // one per code
. * gen byte q134_zbb_understand_other_txt_XX = strpos(q134_zbb_understand_other_txt, "XX") > 0  // one per code
. * capture noisily {
. * foreach v in q134_zbb_understand q134_zbb_understand_other_txt {
. *     svy: tab `v', percent
. *     tabout `v' using "$OUT_DIR/annex3_tables.xls", append svy oneway percent cells(cell) f(1)
. * }
. * }
. 
. *----- Table 3.29 - Percentage distribution of household respondents who have heard
. *       about BUCAS -----
. * universe: households | breakdown: none stated | status: mapped
. * note: Block gated on AREA_HAS_BUCAS - denominator excludes non-BUCAS areas
. capture noisily svy: tab q57_bucas_heard, percent
variable q57_bucas_heard not found

. capture noisily tabout q57_bucas_heard using "$OUT_DIR/annex3_tables.xls", append svy oneway percent cells(cell) f(1)
variable q57_bucas_heard not found

. 
. *----- Table 3.30 - Percentage distribution of household respondents' top information
. *       sources about BUCAS -----
. * universe: households | breakdown: none stated | status: mapped
. * note: (checkbox multi)
. * CHECKBOX: split alpha multi-code field into dummies before tab:
. * gen byte q58_bucas_source_XX = strpos(q58_bucas_source, "XX") > 0  // one per code
. * gen byte q58_bucas_source_other_txt_XX = strpos(q58_bucas_source_other_txt, "XX") > 0  // one per code
. * capture noisily {
. * foreach v in q58_bucas_source q58_bucas_source_other_txt {
. *     svy: tab `v', percent
. *     tabout `v' using "$OUT_DIR/annex3_tables.xls", append svy oneway percent cells(cell) f(1)
. * }
. * }
. 
. *----- Table 3.31 - Percentage distribution of household respondents who can correctly
. *       identify the benefits under BUCAS -----
. * universe: households | breakdown: none stated | status: mapped
. * DERIVED: (checkbox multi); correct-benefit scoring derived at analysis
. * gen <derived_var> = ...   // TODO derive per recipe above, then tab it
. * CHECKBOX: split alpha multi-code field into dummies before tab:
. * gen byte q59_bucas_understand_XX = strpos(q59_bucas_understand, "XX") > 0  // one per code
. * gen byte q59_bucas_understand_other_txt_XX = strpos(q59_bucas_understand_other_txt, "XX") > 0  // one per code
. * capture noisily {
. * foreach v in q59_bucas_understand q59_bucas_understand_other_txt {
. *     svy: tab `v', percent
. *     tabout `v' using "$OUT_DIR/annex3_tables.xls", append svy oneway percent cells(cell) f(1)
. * }
. * }
. 
. *----- Table 3.32 - Percentage distribution of household respondents' mostly accessed
. *       services in BUCAS centers -----
. * universe: households | breakdown: none stated | status: mapped
. * note: (checkbox multi); universe = Q60=Yes accessors, last 6 months
. * CHECKBOX: split alpha multi-code field into dummies before tab:
. * gen byte q60_bucas_accessed_XX = strpos(q60_bucas_accessed, "XX") > 0  // one per code
. * gen byte q61_bucas_services_XX = strpos(q61_bucas_services, "XX") > 0  // one per code
. * gen byte q61_bucas_services_other_txt_XX = strpos(q61_bucas_services_other_txt, "XX") > 0  // one per code
. * capture noisily {
. * foreach v in q60_bucas_accessed q61_bucas_services q61_bucas_services_other_txt {
. *     svy: tab `v', percent
. *     tabout `v' using "$OUT_DIR/annex3_tables.xls", append svy oneway percent cells(cell) f(1)
. * }
. * }
. 
. *----- Table 3.33 - Percentage distribution of household respondents who have heard
. *       about GAMOT -----
. * universe: households | breakdown: none stated | status: mapped
. * note: Block gated on AREA_HAS_GAMOT - denominator excludes non-GAMOT areas
. capture noisily svy: tab q69_gamot_heard, percent
variable q69_gamot_heard not found

. capture noisily tabout q69_gamot_heard using "$OUT_DIR/annex3_tables.xls", append svy oneway percent cells(cell) f(1)
variable q69_gamot_heard not found

. 
. *----- Table 3.34 - Percentage distribution of household respondents' top information
. *       sources about GAMOT -----
. * universe: households | breakdown: none stated | status: mapped
. * note: (checkbox multi)
. * CHECKBOX: split alpha multi-code field into dummies before tab:
. * gen byte q70_gamot_source_XX = strpos(q70_gamot_source, "XX") > 0  // one per code
. * gen byte q70_gamot_source_other_txt_XX = strpos(q70_gamot_source_other_txt, "XX") > 0  // one per code
. * capture noisily {
. * foreach v in q70_gamot_source q70_gamot_source_other_txt {
. *     svy: tab `v', percent
. *     tabout `v' using "$OUT_DIR/annex3_tables.xls", append svy oneway percent cells(cell) f(1)
. * }
. * }
. 
. *----- Table 3.35 - Percentage distribution of household respondents who can correctly
. *       identify the benefits under GAMOT -----
. * universe: households | breakdown: none stated | status: mapped
. * DERIVED: (checkbox multi); correct-benefit scoring derived at analysis
. * gen <derived_var> = ...   // TODO derive per recipe above, then tab it
. * CHECKBOX: split alpha multi-code field into dummies before tab:
. * gen byte q71_gamot_understand_XX = strpos(q71_gamot_understand, "XX") > 0  // one per code
. * gen byte q71_gamot_understand_other_txt_XX = strpos(q71_gamot_understand_other_txt, "XX") > 0  // one per code
. * capture noisily {
. * foreach v in q71_gamot_understand q71_gamot_understand_other_txt {
. *     svy: tab `v', percent
. *     tabout `v' using "$OUT_DIR/annex3_tables.xls", append svy oneway percent cells(cell) f(1)
. * }
. * }
. 
. *----- Table 3.36 - Descriptive statistics of socio-demographic characteristics of the
. *       household sample -----
. * universe: households | breakdown: none stated | status: mapped
. * note: Respondent B-block + roster C-block; Q3_SEX has extra 'Other' code (codebook
. *   15.A sex_other flag)
. * stat_type 'descriptive stats': skeleton uses svy: mean over the component items; composite recipe TBD
. capture noisily svy: mean q2_1_age q3_sex q4_lgbtqia q5_group q6_civil_status q7_is_pwd q11_education q12_employment q
> 13_income_source q14_ip_member q16_4ps q18_income_bracket q19_hh_size_total q20_hh_children q21_hh_seniors q29_socioec
> onomic_class q32_age q33_sex q34_relationship q40_education q41_employment
(running mean on estimation sample)
variable q2_1_age not found

. * no breakdown var: tabout sum needs a row variable - read the svy: mean results from the log
. 
. 
end of do-file

. do 40_annex4.do

. * 40_annex4.do - Annex 4 - F2 health-care worker survey table skeletons (Stata 12)
. * GENERATED by build_dofiles.py - do NOT hand-edit; edit the generator and re-run.
. version 12

. 
. capture erase "$OUT_DIR/annex4_tables.xls"

. capture confirm file "$DATA_DIR/f2.dta"

. if _rc {
.     display as error "f2.dta missing (ETL f2_clean.csv TODO) - skipping Annex 4"
f2.dta missing (ETL f2_clean.csv TODO) - skipping Annex 4
.     exit

end of do-file

. 
. log close
      name:  <unnamed>
       log:  C:\Users\analy\Documents\analytiflow\1_Projects\ASPSI-DOH-CAPI-CSPro-Development\deliverables\tabulation-pl
> an\stata\logs/run.log
  log type:  text
 closed on:   2 Jul 2026, 12:18:32
------------------------------------------------------------------------------------------------------------------------

. 
end of do-file
